Index,Estate,Division,EmpCode,Gender,DateofJoin,PAMACT,EmployeeAge
1,EST,HO,2727,F,1972-01-01,A,44.0
2,EST,HO,11211,M,1975-02-27,T,40.0
3,EST,HO,29593,F,1972-11-09,A,43.0
4,EST,HO,37774,F,1973-05-02,A,42.0
5,EST,HO,37875,F,1973-05-02,A,42.0
6,EST,HO,38178,F,1978-01-29,A,37.0
7,EST,HO,38784,M,1979-12-31,A,36.0
8,EST,HO,40602,F,1978-01-23,A,37.0
9,EST,HO,41107,F,1973-05-01,A,42.0
10,EST,HO,41309,F,1979-12-31,A,36.0
11,EST,HO,42622,M,1978-01-01,A,38.0
12,EST,HO,42925,M,1977-05-18,A,38.0
13,EST,HO,43632,M,1977-05-18,A,38.0
14,EST,HO,43834,M,1977-04-20,A,38.0
15,EST,HO,44440,F,1975-12-31,A,40.0
16,EST,HO,45450,M,1977-11-18,A,38.0
17,EST,HO,47773,M,1977-11-18,A,38.0
18,EST,HO,51914,F,1983-01-01,A,33.0
19,EST,HO,52621,F,1983-01-20,A,32.0
20,EST,HO,56560,F,1983-01-01,A,33.0
21,EST,HO,59691,F,1980-09-29,A,35.0
22,EST,HO,61408,F,1981-02-27,A,34.0
23,EST,HO,62317,M,1981-07-21,A,34.0
24,EST,HO,63428,F,1988-04-27,A,27.0
25,EST,HO,63529,F,1983-04-27,A,32.0
26,EST,HO,64236,F,1979-01-01,A,37.0
27,EST,HO,64741,M,1988-12-01,A,27.0
28,EST,HO,65751,F,1983-12-01,A,32.0
29,EST,HO,66559,F,1983-12-01,A,32.0
30,EST,HO,67064,F,1984-02-28,A,31.0
31,EST,HO,67468,M,1979-04-09,A,36.0
32,EST,HO,68175,F,1982-07-01,A,33.0
33,EST,HO,68680,M,1984-11-20,A,31.0
34,EST,HO,68882,M,1987-08-26,A,28.0
35,EST,HO,69791,M,1984-11-20,A,31.0
36,EST,HO,70094,M,1972-07-01,A,43.0
37,EST,HO,70195,M,1987-06-30,A,28.0
38,EST,HO,70397,M,1984-11-20,A,31.0
39,EST,HO,71003,M,1987-08-27,A,28.0
40,EST,HO,71104,M,1984-11-20,A,31.0
41,EST,HO,71306,M,,,
42,EST,HO,72316,M,1987-08-26,A,28.0
43,EST,HO,73023,M,1988-06-13,A,27.0
44,EST,HO,73124,M,1987-06-14,A,28.0
45,EST,HO,73831,M,1973-05-01,A,42.0
46,EST,HO,74033,M,1978-09-12,A,37.0
47,EST,HO,74336,M,1987-08-26,A,28.0
48,EST,HO,74639,M,1987-05-30,A,28.0
49,EST,HO,74740,M,1991-11-01,A,24.0
50,EST,HO,75043,F,1987-06-15,A,28.0
51,EST,HO,75346,M,1991-11-01,A,24.0
52,EST,HO,75851,F,1987-10-16,A,28.0
53,EST,HO,76558,F,1988-02-15,A,27.0
54,EST,HO,76659,M,1988-02-15,A,27.0
55,EST,HO,77669,M,1988-03-24,A,27.0
56,EST,HO,77871,M,1989-03-24,A,26.0
57,EST,HO,78275,M,1991-11-01,A,24.0
58,EST,HO,78477,M,1988-12-01,A,27.0
59,EST,HO,78982,F,1988-02-03,A,27.0
60,EST,HO,79790,F,1988-07-29,A,27.0
61,EST,HO,81608,M,1988-12-27,A,27.0
62,EST,HO,81810,M,1988-12-27,A,27.0
63,EST,HO,82315,M,1988-12-07,A,27.0
64,EST,HO,82416,M,1989-05-12,A,26.0
65,EST,HO,84739,F,1989-09-01,A,26.0
66,EST,HO,85143,M,1984-09-20,A,31.0
67,EST,HO,85244,F,,A,
68,EST,HO,86658,F,1990-02-13,A,25.0
69,EST,HO,86860,F,1971-04-21,A,44.0
70,EST,HO,87971,F,1984-02-01,A,31.0
71,EST,HO,88779,F,1977-03-30,A,38.0
72,EST,HO,89385,F,1984-11-03,A,31.0
73,EST,HO,89688,F,1992-01-05,A,24.0
74,EST,HO,89890,F,1990-01-01,A,26.0
75,EST,HO,90294,F,1990-05-02,A,25.0
76,EST,HO,90395,F,1990-01-01,A,26.0
77,EST,HO,90597,F,1979-05-19,A,36.0
78,EST,HO,90698,F,1984-09-12,A,31.0
79,EST,HO,91001,F,1995-03-29,A,20.0
80,EST,HO,91809,F,1983-11-23,A,32.0
81,EST,HO,92213,F,1997-11-18,A,18.0
82,EST,HO,92516,F,1998-09-01,A,17.0
83,EST,HO,92617,F,1998-11-18,A,17.0
84,EST,HO,92920,F,1998-09-01,A,17.0
85,EST,HO,93021,F,1998-09-01,A,17.0
86,EST,HO,93627,F,1999-07-27,A,16.0
87,EST,HO,94031,M,2002-05-01,A,13.0
88,EST,HO,94132,M,2000-05-01,A,15.0
89,EST,HO,94435,M,2000-05-01,A,15.0
90,EST,HO,94839,M,2000-05-01,A,15.0
91,EST,HO,94940,M,2000-04-01,A,15.0
92,EST,HO,95243,M,2000-05-01,A,15.0
93,EST,HO,96152,M,2000-05-01,A,15.0
94,EST,HO,96556,M,2000-04-01,A,15.0
95,EST,HO,97162,F,2000-05-01,A,15.0
96,EST,HO,97768,F,2000-05-01,A,15.0
97,EST,HO,98172,F,2000-05-01,A,15.0
98,EST,HO,98475,M,2000-05-01,A,15.0
99,EST,HO,98879,M,2000-05-01,A,15.0
100,EST,HO,99384,M,2000-05-01,A,15.0
101,EST,HO,99889,F,2001-06-04,A,14.0
102,EST,HO,103424,M,2001-03-01,A,14.0
103,EST,HO,103525,M,2001-03-01,A,14.0
104,EST,HO,105040,M,2001-03-01,A,14.0
105,EST,HO,105141,M,2001-03-01,A,14.0
106,EST,HO,111807,F,2003-10-13,A,12.0
107,EST,HO,112312,F,2004-02-01,A,11.0
108,EST,HO,113524,F,2005-05-02,A,10.0
109,EST,HO,114130,F,2005-05-02,A,10.0
110,EST,HO,114231,F,2005-05-02,A,10.0
111,EST,HO,114332,F,2005-05-02,A,10.0
112,EST,HO,114534,F,2005-05-02,A,10.0
113,EST,HO,114635,F,2005-05-02,A,10.0
114,EST,HO,114736,F,2005-05-02,A,10.0
115,EST,HO,115039,F,2005-05-02,A,10.0
116,EST,HO,115443,F,2005-05-02,A,10.0
117,EST,HO,115544,F,2005-05-02,A,10.0
118,EST,HO,115847,F,2005-05-02,A,10.0
119,EST,HO,115948,M,2005-05-02,A,10.0
120,EST,HO,707000,M,2002-01-01,A,14.0
121,EST,HO,707101,M,2002-01-01,A,14.0
122,EST,HO,707202,M,2002-02-01,T,13.0
123,EST,HO,3030303,M,,A,
124,EST,HO,3030404,M,,A,
125,EST,HO,101,M,1980-01-01,T,36.0
126,EST,HO,404,M,1986-04-01,A,29.0
127,EST,HO,1616,F,1970-10-16,A,45.0
128,EST,HO,3030,M,1968-12-01,T,47.0
129,EST,HO,3131,F,1985-03-01,T,30.0
130,EST,HO,3737,F,1986-04-15,A,29.0
131,EST,HO,4242,F,1985-11-13,T,30.0
132,EST,HO,4848,M,1986-04-15,T,29.0
133,EST,HO,4949,F,1973-07-06,T,42.0
134,EST,HO,5656,F,1980-02-01,A,35.0
135,EST,HO,6464,F,1980-09-01,T,35.0
136,EST,HO,6565,M,1972-07-14,T,43.0
137,EST,HO,6868,F,1975-11-04,T,40.0
138,EST,HO,7070,F,1970-12-08,T,45.0
139,EST,HO,7474,F,1985-05-30,A,30.0
140,EST,HO,9696,F,1985-02-01,T,30.0
141,EST,HO,9999,M,1985-02-01,T,30.0
142,EST,HO,10908,M,1973-04-28,A,42.0
143,EST,HO,12322,F,1973-09-01,A,42.0
144,EST,HO,13029,F,1975-10-02,T,40.0
145,EST,HO,13534,F,1986-09-25,T,29.0
146,EST,HO,13635,M,,,
147,EST,HO,13736,M,1972-03-13,A,43.0
148,EST,HO,13837,F,1975-12-10,T,40.0
149,EST,HO,13938,M,1967-01-01,T,49.0
150,EST,HO,14241,F,1975-01-01,T,41.0
151,EST,HO,579437,F,1969-10-13,T,46.0
152,EST,HO,579538,M,1983-02-17,T,32.0
153,EST,HO,808606,F,1976-12-31,T,39.0
154,EST,HO,808808,F,1985-02-01,T,30.0
155,EST,HO,812141,F,1986-05-17,A,29.0
156,EST,HO,817898,F,1973-12-31,T,42.0
157,EST,HO,818201,M,1980-01-01,T,36.0
158,EST,HO,818100,M,1957-02-19,T,58.0
159,EST,HO,810020,F,1971-06-09,T,44.0
160,EST,HO,820928,F,1986-05-27,T,29.0
161,EST,HO,819716,F,1983-04-01,T,32.0
162,EST,HO,818605,M,1983-07-01,T,32.0
163,EST,HO,818706,F,1985-04-01,T,30.0
164,EST,HO,819009,F,1968-11-17,A,47.0
165,EST,HO,821736,F,1972-01-01,T,44.0
166,EST,HO,817393,F,1972-07-01,T,43.0
167,EST,HO,810626,F,1976-12-31,T,39.0
168,EST,HO,823756,M,1976-12-31,A,39.0
169,EST,HO,824968,F,1972-11-09,A,43.0
170,EST,HO,822241,M,1968-11-17,T,47.0
171,EST,HO,826079,F,1970-12-31,T,45.0
172,EST,HO,826281,F,1972-11-01,T,43.0
173,EST,HO,826887,M,1980-01-01,T,36.0
174,EST,HO,824362,F,1972-02-02,T,43.0
175,EST,HO,824766,M,1975-02-27,T,40.0
176,EST,HO,810828,F,1986-03-22,T,29.0
177,EST,HO,819514,M,1975-05-17,A,40.0
178,EST,HO,825170,F,1979-12-31,A,36.0
179,EST,HO,819110,F,1978-01-01,T,38.0
180,EST,HO,824160,F,1975-01-21,T,40.0
181,EST,HO,578427,F,1977-11-18,T,38.0
182,EST,HO,817999,F,1977-12-30,A,38.0
183,EST,HO,818807,F,1977-04-20,T,38.0
184,EST,HO,819817,F,1977-04-20,T,38.0
185,EST,HO,823150,F,1973-05-01,A,42.0
186,EST,HO,215534,F,1977-05-02,T,38.0
187,EST,HO,121402,M,1978-01-01,T,38.0
188,EST,HO,121301,F,1977-06-18,A,38.0
189,EST,HO,121503,F,1978-01-01,T,38.0
190,EST,HO,124432,F,1977-11-18,A,38.0
191,EST,HO,124735,F,1979-12-31,T,36.0
192,EST,HO,124634,F,1983-01-01,A,33.0
193,EST,HO,116251,M,1978-01-01,T,38.0
194,EST,HO,117867,M,1977-11-18,T,38.0
195,EST,HO,119988,F,,,
196,EST,HO,122109,F,1978-12-31,T,37.0
197,EST,HO,116453,F,1967-12-31,T,48.0
198,EST,HO,117463,M,1986-08-02,A,29.0
199,EST,HO,122008,F,1997-08-16,T,18.0
200,EST,HO,123826,F,1983-01-01,T,33.0
201,EST,HO,124533,F,1983-01-01,A,33.0
202,EST,HO,123220,F,1978-01-01,A,38.0
203,EST,HO,121200,F,1978-12-31,T,37.0
204,EST,HO,220685,M,,,
205,EST,HO,220786,F,1980-01-18,T,35.0
206,EST,HO,215433,F,1970-10-01,A,45.0
207,EST,HO,217857,F,1977-11-18,A,38.0
208,EST,HO,206747,F,1981-04-05,T,34.0
209,EST,HO,207454,F,1981-08-20,T,34.0
210,EST,HO,213918,F,1971-01-01,T,45.0
211,EST,HO,205333,F,1983-02-01,T,32.0
212,EST,HO,205535,F,1984-02-28,A,31.0
213,EST,HO,207757,F,1979-04-09,T,36.0
214,EST,HO,208363,M,1987-01-01,A,29.0
215,EST,HO,208464,M,1976-12-31,T,39.0
216,EST,HO,208868,M,1987-08-26,T,28.0
217,EST,HO,211999,M,1984-11-20,A,31.0
218,EST,HO,214625,M,1984-11-20,T,31.0
219,EST,HO,215130,M,1984-11-20,A,31.0
220,EST,HO,215332,M,1984-11-20,T,31.0
221,EST,HO,216948,M,1987-12-31,A,28.0
222,EST,HO,218261,M,1984-11-20,T,31.0
223,EST,HO,215837,F,1987-12-16,A,28.0
224,EST,HO,207555,M,1984-11-20,A,31.0
225,EST,HO,207959,F,1987-08-26,T,28.0
226,EST,HO,209878,M,1987-06-30,A,28.0
227,EST,HO,211393,F,1988-06-24,T,27.0
228,EST,HO,211898,F,1987-07-10,T,28.0
229,EST,HO,212504,F,1987-08-26,A,28.0
230,EST,HO,212605,M,1987-11-26,A,28.0
231,EST,HO,213009,F,1987-11-25,T,28.0
232,EST,HO,213716,M,1988-01-03,A,28.0
233,EST,HO,216039,M,1991-11-01,T,24.0
234,EST,HO,216746,F,1988-03-02,T,27.0
235,EST,HO,217453,F,1988-04-22,A,27.0
236,EST,HO,218059,F,1977-09-15,T,38.0
237,EST,HO,218463,M,1970-06-25,T,45.0
238,EST,HO,218564,F,1976-06-17,T,39.0
239,EST,HO,218766,F,1988-09-29,T,27.0
240,EST,HO,218968,F,1989-09-13,A,26.0
241,EST,HO,219069,F,1988-10-11,T,27.0
242,EST,HO,219877,F,1980-06-01,T,35.0
243,EST,HO,220180,M,1988-12-27,T,27.0
244,EST,HO,220382,F,1988-03-10,T,27.0
245,EST,HO,220483,M,1989-05-12,T,26.0
246,EST,HO,205737,M,1989-08-04,T,26.0
247,EST,HO,820120,F,2000-05-01,T,15.0
248,EST,HO,579639,M,1989-10-11,T,26.0
249,EST,HO,580346,F,1989-01-05,T,27.0
250,EST,HO,583679,F,1990-12-10,A,25.0
251,EST,HO,586204,F,1991-06-13,T,24.0
252,EST,HO,587416,F,1971-03-01,A,44.0
253,EST,HO,589840,M,1985-03-01,T,30.0
254,EST,HO,590446,M,1983-02-17,A,32.0
255,EST,HO,590648,F,1971-06-11,T,44.0
256,EST,HO,1053430,M,1975-08-01,T,40.0
257,EST,HO,1053632,M,1982-01-01,T,34.0
258,EST,HO,1083730,F,1987-06-24,T,28.0
259,EST,HO,1088881,F,1983-10-13,A,32.0
260,EST,HO,1088982,F,1997-09-01,T,18.0
261,EST,HO,1089083,F,1998-09-01,T,17.0
262,EST,HO,1089184,F,1998-09-01,A,17.0
263,EST,HO,1089285,F,,A,
264,EST,HO,1089386,M,2000-02-01,T,15.0
265,EST,HO,1090194,F,1999-03-02,T,16.0
266,EST,HO,1092113,F,1999-07-29,T,16.0
267,EST,HO,826180,F,2000-02-01,T,15.0
268,EST,HO,121604,M,2000-04-01,A,15.0
269,EST,HO,123018,M,2000-05-01,A,15.0
270,EST,HO,123422,M,2000-05-01,T,15.0
271,EST,HO,124331,M,2000-05-01,T,15.0
272,EST,HO,1058581,M,2000-05-01,T,15.0
273,EST,HO,1058682,M,2000-04-01,A,15.0
274,EST,HO,1058985,M,2000-05-01,A,15.0
275,EST,HO,1059591,M,2000-04-01,T,15.0
276,EST,HO,1059894,M,2000-05-01,A,15.0
277,EST,HO,1060399,M,2000-05-01,A,15.0
278,EST,HO,1071307,M,2000-05-01,A,15.0
279,EST,HO,1074135,M,2002-05-01,T,13.0
280,EST,HO,1074236,M,2000-04-01,A,15.0
281,EST,HO,1074539,F,2000-05-01,A,15.0
282,EST,HO,1074640,F,2000-05-01,A,15.0
283,EST,HO,1075448,F,2000-05-01,A,15.0
284,EST,HO,1075852,F,2000-05-01,A,15.0
285,EST,HO,1076054,F,2000-05-01,A,15.0
286,EST,HO,1079791,F,2000-05-01,A,15.0
287,EST,HO,1080902,F,,,
288,EST,HO,1081205,F,2000-05-01,A,15.0
289,EST,HO,1081407,F,2000-04-01,A,15.0
290,EST,HO,1085851,F,2000-05-01,A,15.0
291,EST,HO,1086154,F,2000-05-01,A,15.0
292,EST,HO,1086558,M,2000-05-01,A,15.0
293,EST,HO,1087770,M,2000-05-01,T,15.0
294,EST,HO,1087871,F,2000-05-01,T,15.0
295,EST,HO,1092921,M,,T,
296,EST,HO,707303,F,2000-04-01,A,15.0
297,EST,HO,708414,M,2001-03-01,T,14.0
298,EST,HO,1079387,F,2002-02-01,P,13.0
299,EST,HO,1079488,F,,T,
300,EST,HO,1079589,M,2001-03-01,T,14.0
301,EST,HO,1088275,M,2001-03-01,T,14.0
302,EST,HO,1088376,M,2001-03-01,T,14.0
303,EST,HO,1088679,F,,T,
304,EST,HO,1088780,F,,T,
305,EST,HO,208161,F,2001-04-05,T,14.0
306,EST,HO,208767,M,2002-04-01,T,13.0
307,EST,HO,214928,F,,T,
308,EST,HO,218362,M,2001-03-01,T,14.0
309,EST,HO,219170,M,2001-03-01,T,14.0
310,EST,HO,219473,F,2002-04-24,T,13.0
311,EST,HO,219574,F,,A,
312,EST,HO,1054238,F,2003-03-15,A,12.0
313,EST,HO,1059086,F,2004-02-01,A,11.0
314,EST,HO,1071711,F,2004-02-01,A,11.0
315,EST,HO,1072115,F,2004-02-01,A,11.0
316,EST,HO,1072317,F,2004-02-01,A,11.0
317,EST,HO,1072418,F,2004-02-01,A,11.0
318,EST,HO,1073933,F,2005-05-02,A,10.0
319,EST,HO,1076256,F,2005-05-02,A,10.0
320,EST,HO,1081508,F,2005-05-02,A,10.0
321,EST,HO,1081710,F,2005-05-02,A,10.0
322,EST,HO,1081811,F,2005-05-02,A,10.0
323,EST,HO,1082114,F,2005-05-02,A,10.0
324,EST,HO,1082215,M,2005-05-02,A,10.0
325,EST,HO,1085548,F,2005-05-02,A,10.0
326,EST,HO,1085750,F,2005-05-12,A,10.0
327,EST,HO,808101,M,2005-07-14,A,10.0
328,EST,HO,808202,M,,A,
329,EST,HO,811636,M,,A,
330,EST,HO,812848,M,,A,
331,EST,HO,812949,F,2002-06-01,A,13.0
332,EST,HO,814969,F,2002-06-01,A,13.0
333,EST,HO,815070,F,2002-06-01,A,13.0
334,EST,HO,816080,F,2002-06-01,A,13.0
335,EST,HO,816686,F,2002-06-01,A,13.0
336,EST,HO,816787,F,2002-06-01,A,13.0
337,EST,HO,817696,F,2002-06-01,A,13.0
338,EST,HO,818504,M,2002-06-01,A,13.0
339,EST,HO,819312,M,2002-06-01,A,13.0
340,EST,HO,820019,F,2002-06-01,A,13.0
341,EST,HO,820423,F,2002-06-01,A,13.0
342,EST,HO,821130,M,2002-07-01,I,13.0
343,EST,HO,824463,M,2002-07-01,I,13.0
344,EST,HO,824867,M,2002-07-01,I,13.0
345,EST,HO,827190,F,2002-08-06,A,13.0
346,EST,HO,827695,F,2003-03-24,A,12.0
347,EST,HO,1073630,F,2003-03-24,A,12.0
348,EST,HO,1073731,M,,A,
349,EST,HO,1074337,F,2003-03-24,A,12.0
350,EST,HO,1083831,F,2003-03-24,A,12.0
351,EST,HO,1083932,M,2003-03-01,A,12.0
352,EST,HO,1084033,M,2003-03-01,A,12.0
353,EST,HO,6065353,M,2003-03-01,A,12.0
354,EST,HO,824059,F,2003-04-29,A,12.0
355,EST,HO,1096759,F,2003-04-29,A,12.0
356,EST,HO,1096860,M,2003-05-01,A,12.0
357,EST,HO,1096961,M,2003-05-01,A,12.0
358,EST,HO,1097062,M,2003-05-01,A,12.0
359,EST,HO,1097163,M,2003-05-01,A,12.0
360,EST,HO,1414,M,2003-05-01,A,12.0
361,EST,HO,1089689,M,2003-05-01,A,12.0
362,EST,HO,1094941,M,2004-06-01,A,11.0
363,EST,HO,1095042,M,2004-06-01,I,11.0
364,EST,HO,1095143,M,2004-06-01,I,11.0
365,EST,HO,1095244,M,,A,
366,EST,HO,1095345,F,2004-11-17,A,11.0
367,EST,HO,1095446,M,2004-11-17,A,11.0
368,EST,HO,1095547,M,2004-11-17,A,11.0
369,EST,HO,1095648,M,2004-11-17,A,11.0
370,EST,HO,1095749,M,2004-11-18,A,11.0
371,EST,HO,1095850,F,2004-11-20,A,11.0
372,EST,HO,1095951,F,2004-11-22,A,11.0
373,EST,HO,1096052,F,2004-11-22,A,11.0
374,EST,HO,1096153,F,2004-12-02,A,11.0
375,EST,HO,1096254,F,2004-12-02,A,11.0
376,EST,HO,1096456,F,2001-12-02,A,14.0
377,EST,HO,1096557,F,2004-12-02,A,11.0
378,EST,HO,1096658,M,2004-12-01,A,11.0
379,EST,HO,1097264,M,2004-12-01,A,11.0
380,EST,HO,1097365,F,2005-01-19,A,10.0
381,EST,HO,1097466,F,2005-02-07,A,10.0
382,EST,HO,1097567,F,2005-02-07,A,10.0
383,EST,HO,1097668,F,2005-02-07,A,10.0
384,EST,HO,1097769,F,2005-03-14,A,10.0
385,EST,HO,1094840,F,2005-04-20,A,10.0
386,EST,HO,1097971,M,2005-04-20,A,10.0
387,EST,HO,1098072,F,2005-04-20,A,10.0
388,EST,HO,218665,F,2005-04-20,A,10.0
389,EST,HO,215231,F,2005-04-20,A,10.0
390,EST,HO,209171,F,2005-04-20,A,10.0
391,EST,HO,220281,F,2005-04-20,A,10.0
392,EST,HO,220584,F,2005-04-20,A,10.0
393,EST,HO,1072216,F,2005-04-20,A,10.0
394,EST,HO,1082013,F,2005-04-20,A,10.0
395,EST,HO,1082316,M,2005-04-20,A,10.0
396,EST,HO,1082619,F,2005-05-06,A,10.0
397,EST,HO,1083629,F,2005-05-06,A,10.0
398,EST,HO,124028,M,2005-05-09,A,10.0
399,EST,HO,116958,M,2005-05-10,A,10.0
400,EST,HO,119079,M,2005-05-10,A,10.0
401,EST,HO,123119,M,2005-05-10,A,10.0
402,EST,HO,1058783,M,2005-05-10,A,10.0
403,EST,HO,1058884,M,2005-05-10,A,10.0
404,EST,HO,1059793,M,2005-05-10,A,10.0
405,EST,HO,1060096,M,2005-05-10,A,10.0
406,EST,HO,1074438,F,2005-05-10,A,10.0
407,EST,HO,1075650,F,2005-06-01,A,10.0
408,EST,HO,1075751,F,2005-06-10,A,10.0
409,EST,HO,1075953,F,2005-07-19,A,10.0
410,EST,HO,1076357,M,,A,
411,EST,HO,1080094,M,,A,
412,EST,HO,1080195,F,,A,
413,EST,HO,1080296,M,,A,
414,EST,HO,1080498,M,,A,
415,EST,HO,1083124,M,,A,
416,EST,HO,1083528,M,,A,
417,EST,HO,1085952,M,,A,
418,EST,HO,1086053,M,,A,
419,EST,LD,289365,M,1968-12-11,A,47.0
420,EST,LD,296536,M,1969-12-31,A,46.0
421,EST,LD,332593,M,1986-08-12,A,29.0
422,EST,LD,342188,F,1957-03-14,A,58.0
423,EST,LD,359661,M,1975-03-21,A,40.0
424,EST,LD,360671,M,1975-03-21,A,40.0
425,EST,LD,361782,M,1975-03-21,A,40.0
426,EST,LD,370771,M,1977-05-19,A,38.0
427,EST,LD,371175,M,1977-04-21,A,38.0
428,EST,LD,371781,M,1977-05-19,A,38.0
429,EST,LD,371882,M,1977-04-21,A,38.0
430,EST,LD,394405,M,1980-08-07,A,35.0
431,EST,LD,407838,M,1978-05-01,A,37.0
432,EST,LD,409959,F,1978-03-07,A,37.0
433,EST,LD,415514,F,1978-10-01,A,37.0
434,EST,LD,422988,F,1979-06-11,A,36.0
435,EST,LD,425109,F,1979-10-28,A,36.0
436,EST,LD,426422,F,1980-07-14,A,35.0
437,EST,LD,433391,F,1981-02-01,A,34.0
438,EST,LD,433492,F,1984-01-01,A,32.0
439,EST,LD,433795,F,1982-02-01,A,33.0
440,EST,LD,440966,M,1980-06-04,A,35.0
441,EST,LD,447430,F,1984-12-11,A,31.0
442,EST,LD,448440,F,1984-02-01,A,31.0
443,EST,LD,450864,F,1984-11-07,A,31.0
444,EST,LD,453086,F,1985-09-06,A,30.0
445,EST,LD,457429,F,1986-07-14,A,29.0
446,EST,LD,459146,F,1984-02-28,A,31.0
447,EST,LD,476114,M,1984-11-13,A,31.0
448,EST,LD,476619,F,1986-05-21,A,29.0
449,EST,LD,478033,M,1986-03-11,A,29.0
450,EST,LD,479043,M,1987-05-01,A,28.0
451,EST,LD,479144,M,1999-11-01,A,16.0
452,EST,LD,480760,F,1988-01-01,A,28.0
453,EST,LD,484800,F,1988-12-04,A,27.0
454,EST,LD,485002,M,1987-04-01,A,28.0
455,EST,LD,485103,M,1987-04-27,A,28.0
456,EST,LD,488436,M,1988-03-24,A,27.0
457,EST,LD,495506,M,1986-08-29,A,29.0
458,EST,LD,496112,F,1988-11-01,A,27.0
459,EST,LD,496213,M,1991-11-01,A,24.0
460,EST,LD,496314,M,1988-12-01,A,27.0
461,EST,LD,499748,M,1998-02-05,A,17.0
462,EST,LD,500354,F,1989-08-01,A,26.0
463,EST,LD,503889,F,1989-08-03,A,26.0
464,EST,LD,510151,F,1990-07-28,A,25.0
465,EST,LD,514595,F,1989-02-01,A,26.0
466,EST,LD,518332,F,1975-03-21,A,40.0
467,EST,LD,519241,M,1987-06-01,A,28.0
468,EST,LD,519835,M,1988-03-01,A,27.0
469,EST,LD,519746,F,1988-05-01,A,27.0
470,EST,LD,519847,F,1988-12-01,A,27.0
471,EST,LD,522877,F,1992-08-01,A,23.0
472,EST,LD,524291,F,1993-06-10,A,22.0
473,EST,LD,524897,F,1994-01-10,A,21.0
474,EST,LD,525806,F,1994-09-06,A,21.0
475,EST,LD,526109,F,1984-11-28,A,31.0
476,EST,LD,526311,F,1995-01-19,A,20.0
477,EST,LD,526412,F,1995-12-16,A,20.0
478,EST,LD,529846,F,1998-09-01,A,17.0
479,EST,LD,530048,F,1998-09-01,A,17.0
480,EST,LD,531159,F,1999-01-02,A,17.0
481,EST,LD,531664,F,1999-08-12,A,16.0
482,EST,LD,531967,F,1999-11-11,A,16.0
483,EST,LD,537724,M,2000-02-01,A,15.0
484,EST,LD,537825,M,2000-02-01,A,15.0
485,EST,LD,538128,M,2000-02-01,A,15.0
486,EST,LD,538633,M,2000-02-01,A,15.0
487,EST,LD,538835,M,2000-02-01,A,15.0
488,EST,LD,539239,M,2000-02-01,A,15.0
489,EST,LD,539340,M,2000-02-01,A,15.0
490,EST,LD,539441,M,2000-02-01,A,15.0
491,EST,LD,539643,M,2000-02-01,A,15.0
492,EST,LD,540047,F,2000-02-01,A,15.0
493,EST,LD,547824,F,2000-06-22,A,15.0
494,EST,LD,559237,F,2002-02-14,A,13.0
495,EST,LD,563075,F,2002-04-08,A,13.0
496,EST,LD,563277,F,2002-04-08,A,13.0
497,EST,LD,563378,F,2002-04-01,A,13.0
498,EST,LD,563479,F,2002-04-01,A,13.0
499,EST,LD,568327,M,,A,
500,EST,LD,571458,F,2004-02-20,A,11.0
501,EST,LD,577316,F,2005-06-13,A,10.0
502,EST,LD,1013737,M,2002-10-01,A,13.0
503,EST,LD,2020707,M,,A,
504,EST,LD,1086356,M,1986-03-23,T,29.0
505,EST,LD,1086457,F,1986-03-01,A,29.0
506,EST,LD,1086861,F,1968-11-30,T,47.0
507,EST,LD,1086962,F,1968-12-01,A,47.0
508,EST,LD,1087164,M,1971-04-01,A,44.0
509,EST,LD,1087265,M,1968-12-01,A,47.0
510,EST,LD,1087366,F,1980-08-20,A,35.0
511,EST,LD,1087467,F,1970-12-29,T,45.0
512,EST,LD,1087568,F,1972-11-22,A,43.0
513,EST,LD,820827,M,1972-11-22,T,43.0
514,EST,LD,823958,F,1973-02-12,T,42.0
515,EST,LD,822746,F,1975-08-28,A,40.0
516,EST,LD,822039,F,1974-08-01,A,41.0
517,EST,LD,826382,F,1975-03-21,A,40.0
518,EST,LD,811838,F,1975-03-21,A,40.0
519,EST,LD,580245,F,1975-03-21,A,40.0
520,EST,LD,580447,M,1975-03-21,A,40.0
521,EST,LD,587113,M,1975-03-21,A,40.0
522,EST,LD,587315,F,1975-03-21,T,40.0
523,EST,LD,588123,F,1977-01-03,A,39.0
524,EST,LD,580043,F,1972-01-10,A,44.0
525,EST,LD,580548,M,1972-11-20,T,43.0
526,EST,LD,577619,M,1977-05-19,A,38.0
527,EST,LD,580649,M,1977-05-19,A,38.0
528,EST,LD,581053,M,1975-03-21,A,40.0
529,EST,LD,581659,M,1977-05-19,A,38.0
530,EST,LD,582467,M,1977-05-19,A,38.0
531,EST,LD,585093,M,1977-05-19,A,38.0
532,EST,LD,588426,M,1980-08-01,T,35.0
533,EST,LD,590547,M,1986-11-12,T,29.0
534,EST,LD,577922,F,1978-10-02,A,37.0
535,EST,LD,581558,F,1978-10-02,A,37.0
536,EST,LD,582871,F,1978-05-09,A,37.0
537,EST,LD,583578,F,1978-06-26,T,37.0
538,EST,LD,585396,F,1981-02-24,A,34.0
539,EST,LD,586305,F,1981-06-26,A,34.0
540,EST,LD,584689,F,1983-10-24,A,32.0
541,EST,LD,583477,F,1983-12-01,A,32.0
542,EST,LD,586608,F,1983-12-01,T,32.0
543,EST,LD,590244,F,1983-12-01,A,32.0
544,EST,LD,590345,F,1986-11-12,A,29.0
545,EST,LD,1083326,F,1987-04-28,A,28.0
546,EST,LD,577720,F,1986-05-21,A,29.0
547,EST,LD,578124,M,1984-11-13,T,31.0
548,EST,LD,578225,M,1985-11-13,T,30.0
549,EST,LD,578528,M,1984-11-13,T,31.0
550,EST,LD,581255,M,1984-11-13,A,31.0
551,EST,LD,808000,M,1987-04-27,T,28.0
552,EST,LD,808303,M,1991-11-01,A,24.0
553,EST,LD,808909,M,1987-06-01,A,28.0
554,EST,LD,814363,F,1987-05-12,A,28.0
555,EST,LD,580952,F,1988-02-04,A,27.0
556,EST,LD,815171,F,1986-02-25,P,29.0
557,EST,LD,817797,F,1990-01-01,T,26.0
558,EST,LD,827291,M,1990-01-22,T,25.0
559,EST,LD,811434,F,1990-01-01,T,26.0
560,EST,LD,577821,M,1986-03-01,T,29.0
561,EST,LD,579740,M,1986-05-20,A,29.0
562,EST,LD,808505,F,1973-01-01,A,43.0
563,EST,LD,808707,F,1986-03-01,T,29.0
564,EST,LD,815272,F,1975-08-15,T,40.0
565,EST,LD,818403,F,1978-04-11,A,37.0
566,EST,LD,821938,F,1988-05-25,A,27.0
567,EST,LD,822847,F,1992-12-30,T,23.0
568,EST,LD,823453,F,1994-11-28,A,21.0
569,EST,LD,825372,F,1987-11-18,T,28.0
570,EST,LD,825473,F,1998-09-01,T,17.0
571,EST,LD,827392,F,1998-04-01,T,17.0
572,EST,LD,827493,F,1998-09-01,A,17.0
573,EST,LD,827594,F,1999-01-02,A,17.0
574,EST,LD,1035856,M,2000-02-01,T,15.0
575,EST,LD,1076761,M,2000-02-01,A,15.0
576,EST,LD,1076862,M,2000-02-01,T,15.0
577,EST,LD,1076963,M,2000-02-01,A,15.0
578,EST,LD,1077064,M,2000-02-01,T,15.0
579,EST,LD,1077165,M,2000-02-01,T,15.0
580,EST,LD,1077266,M,2000-02-01,A,15.0
581,EST,LD,1077367,M,2000-02-01,A,15.0
582,EST,LD,1077468,M,2000-02-01,T,15.0
583,EST,LD,1077569,M,2000-02-01,T,15.0
584,EST,LD,1077670,M,2000-02-01,T,15.0
585,EST,LD,1077771,M,2000-02-01,T,15.0
586,EST,LD,1077872,F,2000-02-01,A,15.0
587,EST,LD,1077973,F,2000-02-01,T,15.0
588,EST,LD,1078074,F,2000-02-01,T,15.0
589,EST,LD,1078175,F,2000-02-01,A,15.0
590,EST,LD,1078276,F,2000-02-01,T,15.0
591,EST,LD,1078377,F,2000-02-01,A,15.0
592,EST,LD,1078478,F,2000-02-01,T,15.0
593,EST,LD,1078579,F,2000-02-01,T,15.0
594,EST,LD,1078680,F,2000-02-01,T,15.0
595,EST,LD,1078781,F,2000-09-01,A,15.0
596,EST,LD,1078882,M,2001-11-03,A,14.0
597,EST,LD,1079084,M,2001-11-03,A,14.0
598,EST,LD,1079286,M,2001-11-03,A,14.0
599,EST,LD,1083427,M,2001-11-03,A,14.0
600,EST,LD,1084134,M,2001-11-03,A,14.0
601,EST,LD,1084235,M,2011-11-03,A,4.0
602,EST,LD,1084336,M,2001-11-03,A,14.0
603,EST,LD,1084437,M,2001-11-03,A,14.0
604,EST,LD,1084538,M,2001-11-03,A,14.0
605,EST,LD,1084639,M,,T,
606,EST,LD,1084740,M,,A,
607,EST,LD,1084841,M,,T,
608,EST,LD,1084942,M,,A,
609,EST,LD,1085043,M,,T,
610,EST,LD,1085144,M,,A,
611,EST,LD,1085346,M,,T,
612,EST,LD,707505,M,,A,
613,EST,LD,709929,M,,T,
614,EST,LD,579033,M,,A,
615,EST,LD,579134,M,,A,
616,EST,LD,116756,F,2002-04-01,T,13.0
617,EST,LD,117968,F,2002-04-09,T,13.0
618,EST,LD,120190,M,2002-04-10,T,13.0
619,EST,LD,121806,M,2004-01-04,T,11.0
620,EST,LD,122614,F,2004-02-20,T,11.0
621,EST,LD,122917,M,2004-04-01,T,11.0
622,EST,LD,123321,F,2004-12-01,A,11.0
623,EST,LD,123523,F,2005-06-13,A,10.0
624,EST,LD,123624,F,2005-06-13,A,10.0
625,EST,LD,123725,M,2003-05-01,A,12.0
626,EST,LD,123927,M,2003-05-01,A,12.0
627,EST,LD,1040906,M,2003-05-01,A,12.0
628,EST,LD,1045754,F,2002-06-01,A,13.0
629,EST,LD,1045855,F,2002-06-01,T,13.0
630,EST,LD,1045956,M,2002-10-01,A,13.0
631,EST,LD,1046057,M,,A,
632,EST,LD,1046158,F,2002-11-21,A,13.0
633,EST,LD,1046259,M,,A,
634,EST,LD,1046360,M,2003-03-01,A,12.0
635,EST,LD,1046461,M,2003-05-01,A,12.0
636,EST,LD,1046562,M,2003-05-01,A,12.0
637,EST,LD,1046663,M,2004-06-01,A,11.0
638,EST,LD,1046764,M,2004-06-01,A,11.0
639,EST,LD,1046865,M,,A,
640,EST,LD,1047572,M,2004-12-01,A,11.0
641,EST,LD,1049390,M,2004-12-01,A,11.0
642,EST,LD,1049491,M,,A,
643,EST,LD,1049592,M,,A,
644,EST,LD,1049794,M,,A,
645,EST,LD,1051208,M,,A,
646,EST,LD,1051511,M,,A,
647,EST,LD,1051814,M,,A,
648,EST,LD,1051915,M,,A,
649,EST,LD,1052218,M,,A,
650,EST,MD,214322,M,1975-03-18,A,40.0
651,EST,MD,284719,F,1968-11-02,A,47.0
652,EST,MD,300172,M,1970-01-01,A,46.0
653,EST,MD,350672,M,1975-03-18,A,40.0
654,EST,MD,362792,M,1975-05-12,A,40.0
655,EST,MD,387436,M,1973-06-01,A,42.0
656,EST,MD,389860,M,1977-05-08,A,38.0
657,EST,MD,390466,M,1977-05-18,A,38.0
658,EST,MD,390971,M,1977-05-18,A,38.0
659,EST,MD,391476,M,1977-05-18,A,38.0
660,EST,MD,391880,M,1977-11-17,A,38.0
661,EST,MD,391981,M,1977-11-17,A,38.0
662,EST,MD,392486,M,1980-07-08,A,35.0
663,EST,MD,392587,M,1980-08-01,A,35.0
664,EST,MD,411171,M,1978-08-16,A,37.0
665,EST,MD,411272,M,1978-08-16,A,37.0
666,EST,MD,414504,M,1978-09-13,A,37.0
667,EST,MD,416322,M,1979-03-31,A,36.0
668,EST,MD,416423,M,1979-03-31,A,36.0
669,EST,MD,416625,M,1979-03-31,A,36.0
670,EST,MD,416827,M,1979-03-31,A,36.0
671,EST,MD,417332,M,1979-03-31,A,36.0
672,EST,MD,425412,F,1980-01-05,A,36.0
673,EST,MD,431371,F,1981-10-05,A,34.0
674,EST,MD,435613,F,1982-02-01,A,33.0
675,EST,MD,438239,F,1981-05-28,A,34.0
676,EST,MD,440865,F,1983-02-24,A,32.0
677,EST,MD,441471,F,1983-10-10,A,32.0
678,EST,MD,441774,F,1983-12-01,A,32.0
679,EST,MD,441875,F,1983-12-01,A,32.0
680,EST,MD,444501,F,1985-10-10,A,30.0
681,EST,MD,449349,F,1984-05-16,A,31.0
682,EST,MD,449551,F,1984-03-12,A,31.0
683,EST,MD,450258,F,1984-10-01,A,31.0
684,EST,MD,451773,F,1971-02-18,A,44.0
685,EST,MD,452985,F,1985-09-05,A,30.0
686,EST,MD,453894,F,1986-02-20,A,29.0
687,EST,MD,454399,F,1986-05-26,A,29.0
688,EST,MD,457833,M,1986-09-10,A,29.0
689,EST,MD,458742,M,1986-11-12,A,29.0
690,EST,MD,458944,F,1987-02-16,A,28.0
691,EST,MD,459045,F,1987-04-24,A,28.0
692,EST,MD,460863,F,1986-05-21,A,29.0
693,EST,MD,461772,M,1984-11-20,A,31.0
694,EST,MD,461974,M,1984-11-20,A,31.0
695,EST,MD,462277,M,1984-11-20,A,31.0
696,EST,MD,462378,M,1984-11-20,A,31.0
697,EST,MD,462984,M,1984-11-20,A,31.0
698,EST,MD,463287,M,1984-11-20,A,31.0
699,EST,MD,463792,M,1987-04-24,A,28.0
700,EST,MD,464095,M,1987-04-08,A,28.0
701,EST,MD,464903,F,1987-04-24,A,28.0
702,EST,MD,465509,M,1987-04-24,A,28.0
703,EST,MD,465812,M,1987-05-21,A,28.0
704,EST,MD,466317,M,1987-05-10,A,28.0
705,EST,MD,466822,M,1987-11-20,A,28.0
706,EST,MD,482679,F,1987-10-22,A,28.0
707,EST,MD,483184,F,1987-11-16,A,28.0
708,EST,MD,486921,F,1988-06-02,A,27.0
709,EST,MD,494193,M,1988-10-03,A,27.0
710,EST,MD,495001,F,1989-01-04,A,27.0
711,EST,MD,496415,F,1988-11-18,A,27.0
712,EST,MD,502576,F,1989-05-31,A,26.0
713,EST,MD,508333,F,1990-02-14,A,25.0
714,EST,MD,508737,M,1989-09-02,A,26.0
715,EST,MD,509343,F,1990-04-16,A,25.0
716,EST,MD,509646,F,1990-06-28,A,25.0
717,EST,MD,509747,F,1990-06-28,A,25.0
718,EST,MD,509848,F,1990-07-24,A,25.0
719,EST,MD,513181,F,1991-06-24,A,24.0
720,EST,MD,513383,F,1991-08-22,A,24.0
721,EST,MD,513787,F,1991-09-18,A,24.0
722,EST,MD,514090,F,1991-10-28,A,24.0
723,EST,MD,514292,F,1972-04-04,A,43.0
724,EST,MD,515605,M,1979-03-31,A,36.0
725,EST,MD,516211,M,1980-12-24,A,35.0
726,EST,MD,516817,M,1975-03-18,A,40.0
727,EST,MD,517524,F,1989-02-22,A,26.0
728,EST,MD,522372,F,1972-07-08,A,43.0
729,EST,MD,523079,F,1992-09-01,A,23.0
730,EST,MD,524089,F,,A,
731,EST,MD,526513,F,1991-07-05,A,24.0
732,EST,MD,527220,F,1975-08-20,A,40.0
733,EST,MD,527624,F,1986-05-21,A,29.0
734,EST,MD,529240,F,1988-09-01,A,27.0
735,EST,MD,529442,F,1998-09-01,A,17.0
736,EST,MD,529543,F,1998-09-01,A,17.0
737,EST,MD,532270,F,2000-02-01,A,15.0
738,EST,MD,532876,F,2000-02-01,A,15.0
739,EST,MD,532977,F,2000-02-01,A,15.0
740,EST,MD,533179,F,2000-02-01,A,15.0
741,EST,MD,533280,F,2000-02-01,A,15.0
742,EST,MD,533482,F,2000-02-01,A,15.0
743,EST,MD,533583,F,2000-02-01,A,15.0
744,EST,MD,533886,F,2000-02-01,A,15.0
745,EST,MD,534088,M,2000-02-01,A,15.0
746,EST,MD,534290,F,2000-02-01,A,15.0
747,EST,MD,534391,F,2000-02-01,A,15.0
748,EST,MD,534694,F,2000-02-01,A,15.0
749,EST,MD,534997,F,2000-02-01,A,15.0
750,EST,MD,535805,F,2000-02-01,A,15.0
751,EST,MD,537017,M,2001-07-01,A,14.0
752,EST,MD,550753,F,,A,
753,EST,MD,551258,F,2001-07-01,A,14.0
754,EST,MD,552066,M,2001-07-01,A,14.0
755,EST,MD,552874,F,2002-01-01,A,14.0
756,EST,MD,558833,F,,A,
757,EST,MD,559338,F,2002-02-20,A,13.0
758,EST,MD,561661,M,,A,
759,EST,MD,561762,F,2002-04-01,A,13.0
760,EST,MD,566408,F,2002-06-10,A,13.0
761,EST,MD,566610,M,2002-06-10,A,13.0
762,EST,MD,567216,F,2002-06-20,A,13.0
763,EST,MD,567519,F,2002-06-20,A,13.0
764,EST,MD,567620,F,2002-06-20,A,13.0
765,EST,MD,569034,F,2002-11-14,A,13.0
766,EST,MD,569135,F,2002-12-01,A,13.0
767,EST,MD,571256,F,2004-04-01,A,11.0
768,EST,MD,572165,F,2005-04-20,A,10.0
769,EST,MD,572367,F,2005-04-20,A,10.0
770,EST,MD,572468,F,2005-04-20,A,10.0
771,EST,MD,572670,F,2005-04-20,A,10.0
772,EST,MD,572771,F,2005-04-20,A,10.0
773,EST,MD,572872,F,2005-04-20,A,10.0
774,EST,MD,573276,F,2005-04-20,A,10.0
775,EST,MD,573478,F,2005-04-20,A,10.0
776,EST,MD,573579,F,2005-04-20,A,10.0
777,EST,MD,573680,F,2005-04-20,A,10.0
778,EST,MD,574185,F,2005-04-20,A,10.0
779,EST,MD,574387,F,2005-04-20,A,10.0
780,EST,MD,2021111,M,,A,
781,EST,MD,2021313,M,,A,
782,EST,MD,1052319,F,,,
783,EST,MD,1052420,F,1983-02-17,T,32.0
784,EST,MD,1052521,F,1968-12-01,T,47.0
785,EST,MD,1052622,M,1986-03-01,A,29.0
786,EST,MD,1055652,F,1969-09-01,A,46.0
787,EST,MD,1056258,F,1969-07-05,A,46.0
788,EST,MD,1056359,M,1973-02-01,A,42.0
789,EST,MD,1056460,M,1968-11-02,A,47.0
790,EST,MD,1056561,M,1968-11-02,A,47.0
791,EST,MD,1059187,M,1968-11-02,A,47.0
792,EST,MD,1059288,F,1971-04-15,A,44.0
793,EST,MD,1059389,F,1971-04-16,T,44.0
794,EST,MD,1059490,F,1973-06-01,A,42.0
795,EST,MD,1059692,M,1970-05-17,T,45.0
796,EST,MD,1059995,F,1970-06-17,T,45.0
797,EST,MD,1060197,F,1973-06-01,T,42.0
798,EST,MD,1060298,F,1972-01-01,A,44.0
799,EST,MD,578326,F,1972-06-22,T,43.0
800,EST,MD,707404,F,2000-08-07,T,15.0
801,EST,MD,707606,F,1973-05-29,A,42.0
802,EST,MD,707707,F,1974-06-01,A,41.0
803,EST,MD,707808,F,1975-03-18,A,40.0
804,EST,MD,708010,F,1975-03-18,T,40.0
805,EST,MD,708111,F,1975-03-18,A,40.0
806,EST,MD,708212,F,1977-06-13,T,38.0
807,EST,MD,708515,F,1977-01-27,A,38.0
808,EST,MD,708616,F,1977-07-15,A,38.0
809,EST,MD,708717,F,1977-11-05,T,38.0
810,EST,MD,708818,F,1977-04-18,A,38.0
811,EST,MD,1047471,F,1977-04-18,T,38.0
812,EST,MD,1047673,M,1977-11-17,A,38.0
813,EST,MD,1047774,F,1978-01-12,T,37.0
814,EST,MD,1047875,F,1978-04-04,A,37.0
815,EST,MD,1047976,F,1978-04-07,A,37.0
816,EST,MD,1052723,F,1978-03-06,A,37.0
817,EST,MD,1052824,M,1978-03-01,A,37.0
818,EST,MD,1052925,F,1978-08-16,A,37.0
819,EST,MD,1053026,M,1978-09-13,A,37.0
820,EST,MD,1053127,F,1979-03-31,A,36.0
821,EST,MD,1055450,F,2001-01-01,A,15.0
822,EST,MD,1055551,M,1980-12-19,A,35.0
823,EST,MD,1056056,M,1980-12-17,T,35.0
824,EST,MD,1056157,F,2001-02-01,A,14.0
825,EST,MD,219978,F,1982-01-07,A,34.0
826,EST,MD,215736,F,1989-09-06,A,26.0
827,EST,MD,219675,F,1983-02-16,T,32.0
828,EST,MD,219776,F,1983-02-16,A,32.0
829,EST,MD,820625,F,1987-05-21,T,28.0
830,EST,MD,814767,F,1992-08-07,A,23.0
831,EST,MD,82012,F,1983-12-01,T,32.0
832,EST,MD,498132,F,,T,
833,EST,MD,809515,F,1983-12-01,T,32.0
834,EST,MD,811333,F,1984-02-08,A,31.0
835,EST,MD,814060,F,1984-04-10,T,31.0
836,EST,MD,815373,F,1985-05-01,A,30.0
837,EST,MD,816181,F,1986-07-09,A,29.0
838,EST,MD,816989,F,1986-11-25,A,29.0
839,EST,MD,817090,F,1987-04-28,A,28.0
840,EST,MD,818908,F,1973-06-01,A,42.0
841,EST,MD,819211,F,1986-06-06,T,29.0
842,EST,MD,819413,F,1986-05-22,A,29.0
843,EST,MD,819805,M,1984-11-20,A,31.0
844,EST,MD,819918,M,1984-11-20,T,31.0
845,EST,MD,820221,M,1984-11-20,T,31.0
846,EST,MD,820322,M,1987-04-24,T,28.0
847,EST,MD,820524,M,1987-04-24,T,28.0
848,EST,MD,820726,M,1987-05-21,T,28.0
849,EST,MD,821029,F,1987-06-17,A,28.0
850,EST,MD,821231,M,1986-07-05,A,29.0
851,EST,MD,821332,M,1987-12-01,T,28.0
852,EST,MD,821433,F,1987-12-22,A,28.0
853,EST,MD,821534,F,1988-02-10,A,27.0
854,EST,MD,821635,F,1988-03-23,A,27.0
855,EST,MD,821837,F,1988-08-29,A,27.0
856,EST,MD,1048077,F,1988-08-29,A,27.0
857,EST,MD,1048279,M,1988-09-01,T,27.0
858,EST,MD,1048481,F,1988-09-01,T,27.0
859,EST,MD,1048582,M,1988-11-18,T,27.0
860,EST,MD,1048683,M,1988-12-09,A,27.0
861,EST,MD,1048784,F,1989-01-31,T,26.0
862,EST,MD,1048885,F,1989-01-05,A,27.0
863,EST,MD,1048986,F,2000-03-28,T,15.0
864,EST,MD,1049087,F,1989-04-07,A,26.0
865,EST,MD,1049188,F,1989-09-05,T,26.0
866,EST,MD,1050097,F,1989-10-17,A,26.0
867,EST,MD,1050501,F,1979-09-06,A,36.0
868,EST,MD,1050602,F,1991-06-01,T,24.0
869,EST,MD,1050804,F,1986-03-01,A,29.0
870,EST,MD,1056763,F,1984-06-15,A,31.0
871,EST,MD,6065151,F,1976-02-11,T,39.0
872,EST,MD,6065252,F,1978-03-09,A,37.0
873,EST,MD,582669,F,1987-06-11,A,28.0
874,EST,MD,586507,M,1987-08-02,A,28.0
875,EST,MD,587517,F,1972-09-01,A,43.0
876,EST,MD,1045451,F,1998-09-01,T,17.0
877,EST,MD,1045552,F,1998-09-01,T,17.0
878,EST,MD,1053228,F,1999-12-06,T,16.0
879,EST,MD,1053329,F,2000-03-06,A,15.0
880,EST,MD,1053531,M,2000-03-09,A,15.0
881,EST,MD,1053733,F,2000-02-01,T,15.0
882,EST,MD,1053834,F,2000-02-01,T,15.0
883,EST,MD,1053935,F,2000-02-01,P,15.0
884,EST,MD,1054036,M,2000-02-01,T,15.0
885,EST,MD,1055349,F,2000-02-01,T,15.0
886,EST,MD,816888,M,2000-02-01,T,15.0
887,EST,MD,208565,F,2000-02-01,A,15.0
888,EST,MD,211292,F,2000-02-01,T,15.0
889,EST,MD,215029,F,2001-07-01,A,14.0
890,EST,MD,216342,F,2000-02-01,T,15.0
891,EST,MD,217352,F,2005-06-01,I,10.0
892,EST,MD,218160,M,2001-07-01,T,14.0
893,EST,MD,220079,M,2000-05-15,A,15.0
894,EST,MD,1047168,M,2000-11-23,T,15.0
895,EST,MD,1047269,F,2001-06-01,T,14.0
896,EST,MD,1047370,M,2001-07-01,T,14.0
897,EST,MD,1049895,F,2001-07-01,T,14.0
898,EST,MD,1051309,M,2001-07-01,T,14.0
899,EST,MD,1054137,M,2001-07-01,T,14.0
900,EST,MD,1054339,M,2001-07-01,T,14.0
901,EST,MD,1054440,M,2001-07-01,A,14.0
902,EST,MD,1054541,M,2001-07-01,T,14.0
903,EST,MD,1054642,M,2001-07-01,A,14.0
904,EST,MD,1054743,M,2002-07-01,A,13.0
905,EST,MD,1054844,M,,A,
906,EST,MD,1054945,M,2002-07-01,T,13.0
907,EST,MD,1055046,M,2001-07-01,A,14.0
908,EST,MD,1055147,M,2002-07-01,A,13.0
909,EST,MD,1055248,M,2001-07-01,T,14.0
910,EST,MD,1055753,M,2001-07-01,A,14.0
911,EST,MD,1055854,F,2001-07-01,A,14.0
912,EST,MD,1055955,M,2002-07-01,T,13.0
913,EST,MD,1056662,M,2001-07-01,T,14.0
914,EST,MD,710232,F,2001-07-01,T,14.0
915,EST,MD,710434,F,2001-07-01,A,14.0
916,EST,MD,709828,M,2001-07-01,A,14.0
917,EST,MD,710131,M,2001-07-01,T,14.0
918,EST,MD,710333,F,2001-07-01,A,14.0
919,EST,MD,709020,F,2001-07-01,A,14.0
920,EST,MD,709121,F,,A,
921,EST,MD,710030,F,2001-07-01,T,14.0
922,EST,MD,1083225,M,2001-07-01,T,14.0
923,EST,MD,1088477,M,,T,
924,EST,MD,1088578,F,2001-10-01,A,14.0
925,EST,MD,1060500,F,2002-01-01,T,14.0
926,EST,MD,1060601,F,2002-01-01,T,14.0
927,EST,MD,1060702,F,2002-03-07,A,13.0
928,EST,MD,1060803,M,,A,
929,EST,MD,1060904,M,2002-01-01,A,14.0
930,EST,MD,1061005,F,,T,
931,EST,MD,1071206,F,2002-03-25,A,13.0
932,EST,MD,124129,F,2002-06-10,T,13.0
933,EST,MD,124230,F,2002-06-10,T,13.0
934,EST,MD,1071408,M,2002-06-10,T,13.0
935,EST,MD,1071509,M,2002-06-20,A,13.0
936,EST,MD,1071610,F,2002-06-20,T,13.0
937,EST,MD,1074741,M,2002-06-20,T,13.0
938,EST,MD,1074842,M,2002-06-20,T,13.0
939,EST,MD,1074943,F,2005-04-20,A,10.0
940,EST,MD,1075044,F,2005-04-20,A,10.0
941,EST,MD,1071812,F,2005-04-20,A,10.0
942,EST,MD,823554,F,2005-04-20,A,10.0
943,EST,MD,822140,F,2005-04-20,A,10.0
944,EST,MD,823352,F,2005-04-20,A,10.0
945,EST,MD,824665,F,2005-04-20,A,10.0
946,EST,MD,823049,F,2005-04-20,A,10.0
947,EST,MD,826988,F,2005-04-20,A,10.0
948,EST,MD,827089,F,2005-04-20,A,10.0
949,EST,MD,825877,F,2005-04-20,A,10.0
950,EST,MD,825776,F,2005-04-20,A,10.0
951,EST,MD,822645,F,2005-04-20,A,10.0
952,EST,MD,823251,F,2005-06-01,A,10.0
953,EST,MD,823655,F,2002-06-01,A,13.0
954,EST,MD,823857,F,2002-05-01,A,13.0
955,EST,MD,824261,M,,A,
956,EST,MD,824564,M,,A,
957,EST,MD,825069,M,,A,
958,EST,MD,825271,M,,A,
959,EST,MD,825574,F,2002-05-01,A,13.0
960,EST,MD,825675,F,2002-05-01,A,13.0
961,EST,MD,825978,F,2002-05-01,A,13.0
962,EST,MD,826584,F,2002-05-01,A,13.0
963,EST,MD,826685,F,2002-05-01,A,13.0
964,EST,MD,826786,F,2002-05-01,A,13.0
965,EST,MD,828099,F,2002-05-01,A,13.0
966,EST,MD,124836,F,2002-05-01,A,13.0
967,EST,MD,710535,F,2002-05-01,A,13.0
968,EST,MD,710636,F,2002-05-01,A,13.0
969,EST,MD,710737,M,,A,
970,EST,MD,710838,F,,A,
971,EST,MD,710939,M,2003-09-01,A,12.0
972,EST,MD,711040,F,,A,
973,EST,MD,711141,M,2002-11-10,A,13.0
974,EST,MD,711242,M,2002-11-10,A,13.0
975,EST,MD,711444,M,2002-11-10,A,13.0
976,EST,MD,1093830,M,2002-11-10,A,13.0
977,EST,MD,1099991,M,2002-11-10,A,13.0
978,EST,MD,1098880,M,2002-11-10,A,13.0
979,EST,MD,1104738,M,2002-11-10,A,13.0
980,EST,MD,1104839,F,2002-11-10,A,13.0
981,EST,MD,1104940,M,,A,
982,EST,MD,1105041,M,,A,
983,EST,MD,1105142,M,2003-05-01,A,12.0
984,EST,MD,1105243,M,2003-05-01,A,12.0
985,EST,MD,1105344,M,2003-05-01,A,12.0
986,EST,MD,1105445,M,2003-05-01,A,12.0
987,EST,MD,1105546,M,2003-05-01,A,12.0
988,EST,MD,1105647,M,2004-05-01,A,11.0
989,EST,MD,1105748,M,2004-06-01,A,11.0
990,EST,MD,1106051,M,2004-06-01,A,11.0
991,EST,MD,1106152,M,2004-06-01,A,11.0
992,EST,MD,1106253,F,2004-11-17,A,11.0
993,EST,MD,1106354,F,2004-11-18,A,11.0
994,EST,MD,1106455,F,2004-11-18,A,11.0
995,EST,MD,827796,F,2004-11-19,A,11.0
996,EST,MD,827897,F,2004-11-19,A,11.0
997,EST,MD,827998,F,2004-11-21,A,11.0
998,EST,MD,828200,F,2004-11-22,A,11.0
999,EST,MD,828402,F,2004-11-22,A,11.0
1000,EST,MD,828503,F,2004-11-22,A,11.0
1001,EST,MD,828604,F,2004-11-23,A,11.0
1002,EST,MD,828705,F,2004-12-02,A,11.0
1003,EST,MD,828806,F,2004-12-06,A,11.0
1004,EST,MD,828907,F,2004-12-07,A,11.0
1005,EST,MD,829008,M,2004-12-01,A,11.0
1006,EST,MD,1091103,M,2004-12-01,A,11.0
1007,EST,MD,1093426,M,2004-12-01,A,11.0
1008,EST,MD,1093931,F,2005-01-05,A,10.0
1009,EST,MD,1098274,M,2005-02-01,A,10.0
1010,EST,MD,1098375,M,,A,
1011,EST,MD,1098476,M,,A,
1012,EST,MD,1098678,M,,A,
1013,EST,MD,1098779,M,,A,
1014,EST,MD,1098981,M,,A,
1015,EST,MD,124937,M,,A,
1016,EST,MD,125038,M,,A,
1017,EST,MD,125139,F,,A,
1018,EST,MD,125240,M,,A,
1019,EST,ST,73730,M,1979-11-15,A,36.0
1020,EST,ST,79083,F,1980-07-08,A,35.0
1021,EST,ST,79184,M,1980-07-08,A,35.0
1022,EST,ST,79386,M,1980-01-01,A,36.0
1023,EST,ST,79588,M,1988-01-01,A,28.0
1024,EST,ST,85042,M,1981-10-01,A,34.0
1025,EST,ST,86254,M,1981-10-01,A,34.0
1026,EST,ST,91304,F,1984-07-01,A,31.0
1027,EST,ST,97970,F,1989-07-01,A,26.0
1028,EST,ST,99788,F,1986-12-08,A,29.0
1029,EST,ST,101707,M,1989-12-01,A,26.0
1030,EST,ST,101808,M,1989-12-01,A,26.0
1031,EST,ST,102212,F,1987-05-01,A,28.0
1032,EST,ST,102313,F,1989-01-01,A,27.0
1033,EST,ST,103828,F,1989-01-01,A,27.0
1034,EST,ST,104333,F,1989-06-09,A,26.0
1035,EST,ST,104535,F,1989-06-01,A,26.0
1036,EST,ST,105848,M,1984-01-01,A,32.0
1037,EST,ST,105949,F,1984-01-01,A,32.0
1038,EST,ST,106656,M,1984-01-01,A,32.0
1039,EST,ST,107060,M,1984-01-01,A,32.0
1040,EST,ST,107262,M,1984-01-01,A,32.0
1041,EST,ST,107363,F,1984-01-01,A,32.0
1042,EST,ST,107767,F,1984-01-01,A,32.0
1043,EST,ST,108070,F,1993-01-01,A,23.0
1044,EST,ST,108171,M,1987-06-01,A,28.0
1045,EST,ST,108979,F,1995-12-18,A,20.0
1046,EST,ST,109181,F,1998-09-10,A,17.0
1047,EST,ST,109282,F,1998-09-10,A,17.0
1048,EST,ST,109787,F,1999-07-19,A,16.0
1049,EST,ST,110090,M,2000-02-01,A,15.0
1050,EST,ST,110393,M,2000-02-01,A,15.0
1051,EST,ST,116352,F,2002-01-08,T,13.0
1052,EST,ST,116857,F,2002-01-08,T,13.0
1053,EST,ST,117160,F,2002-01-08,A,13.0
1054,EST,ST,117261,F,2002-01-08,A,13.0
1055,EST,ST,117362,F,2002-01-08,A,13.0
1056,EST,ST,117766,F,2002-01-08,T,13.0
1057,EST,ST,118574,M,2000-02-01,T,15.0
1058,EST,ST,118675,F,2001-10-01,T,14.0
1059,EST,ST,118877,M,2001-11-01,A,14.0
1060,EST,ST,118978,M,2002-11-30,A,13.0
1061,EST,ST,119281,M,2001-11-01,A,14.0
1062,EST,ST,119382,M,2001-11-01,A,14.0
1063,EST,ST,119483,M,2001-11-01,A,14.0
1064,EST,ST,119685,M,2001-11-01,A,14.0
1065,EST,ST,119887,M,2001-11-01,A,14.0
1066,EST,ST,120089,M,2001-11-01,A,14.0
1067,EST,ST,120291,M,2001-11-01,A,14.0
1068,EST,ST,120392,M,2001-11-01,A,14.0
1069,EST,ST,120594,M,2001-11-01,A,14.0
1070,EST,ST,120695,F,2001-11-01,T,14.0
1071,EST,ST,120796,M,2001-11-01,A,14.0
1072,EST,ST,120897,F,2001-11-01,A,14.0
1073,EST,ST,121099,F,2001-11-01,A,14.0
1074,EST,ST,204929,F,2003-12-01,A,12.0
1075,EST,ST,205131,F,2005-05-19,A,10.0
1076,EST,ST,205232,F,2005-05-19,A,10.0
1077,EST,ST,505101,M,,A,
1078,EST,ST,505202,M,,A,
1079,EST,ST,505505,M,,A,
1080,EST,ST,505606,F,,A,
1081,EST,ST,505707,M,,A,
1082,EST,ST,125341,F,1979-11-15,T,36.0
1083,EST,ST,125442,M,1975-12-10,T,40.0
1084,EST,ST,125543,M,1980-07-01,A,35.0
1085,EST,ST,125644,M,1980-07-01,T,35.0
1086,EST,ST,125745,M,1980-07-01,A,35.0
1087,EST,ST,125846,M,1980-01-08,T,36.0
1088,EST,ST,590749,F,1985-01-26,A,30.0
1089,EST,ST,590850,M,1985-12-01,T,30.0
1090,EST,ST,590951,M,1986-01-22,T,29.0
1091,EST,ST,591052,M,1986-02-01,A,29.0
1092,EST,ST,591153,M,1967-02-01,A,48.0
1093,EST,ST,591254,M,1986-02-01,T,29.0
1094,EST,ST,591355,F,1967-02-01,T,48.0
1095,EST,ST,591456,F,1967-09-14,T,48.0
1096,EST,ST,591557,F,1967-10-12,T,48.0
1097,EST,ST,591658,F,1970-07-23,T,45.0
1098,EST,ST,220988,F,1970-06-01,A,45.0
1099,EST,ST,221089,F,1971-03-03,A,44.0
1100,EST,ST,221190,F,1971-03-03,T,44.0
1101,EST,ST,221291,F,1973-05-23,T,42.0
1102,EST,ST,221392,F,1976-09-23,A,39.0
1103,EST,ST,221493,M,1977-11-15,A,38.0
1104,EST,ST,221594,F,1977-11-15,A,38.0
1105,EST,ST,1075549,M,1977-11-15,A,38.0
1106,EST,ST,1076155,F,1977-11-15,T,38.0
1107,EST,ST,1092719,F,1977-12-01,A,38.0
1108,EST,ST,1103425,M,1977-12-01,A,38.0
1109,EST,ST,1099082,M,1978-03-01,T,37.0
1110,EST,ST,1099284,F,1978-03-30,A,37.0
1111,EST,ST,1088174,F,1979-01-01,A,37.0
1112,EST,ST,1092618,M,1979-04-01,T,36.0
1113,EST,ST,1093022,F,1975-11-15,A,40.0
1114,EST,ST,1089487,F,1980-01-01,A,36.0
1115,EST,ST,1089588,F,1988-09-01,A,27.0
1116,EST,ST,1089790,F,1980-04-01,A,35.0
1117,EST,ST,1089891,M,1988-09-01,A,27.0
1118,EST,ST,1089992,F,1981-10-01,A,34.0
1119,EST,ST,1090093,M,1981-04-16,T,34.0
1120,EST,ST,1090295,F,1981-09-01,A,34.0
1121,EST,ST,1090497,F,1983-11-01,A,32.0
1122,EST,ST,1090598,F,1984-07-01,T,31.0
1123,EST,ST,1092416,F,1985-01-01,A,31.0
1124,EST,ST,1093123,F,1985-01-01,T,31.0
1125,EST,ST,1092214,M,1985-02-13,A,30.0
1126,EST,ST,1092517,F,1986-02-15,A,29.0
1127,EST,ST,1093527,F,1987-08-31,T,28.0
1128,EST,ST,1093628,M,1989-02-01,A,26.0
1129,EST,ST,1092820,F,1989-03-01,A,26.0
1130,EST,ST,1093224,F,1989-08-01,A,26.0
1131,EST,ST,1093325,M,1989-08-01,A,26.0
1132,EST,ST,1076559,M,1987-05-01,T,28.0
1133,EST,ST,1076660,M,1989-02-01,T,26.0
1134,EST,ST,1103324,F,1987-05-01,T,28.0
1135,EST,ST,74134,F,1988-03-08,A,27.0
1136,EST,ST,708313,F,1988-03-10,A,27.0
1137,EST,ST,815575,F,1988-03-10,A,27.0
1138,EST,ST,118473,F,1988-12-07,T,27.0
1139,EST,ST,207252,F,1989-03-01,A,26.0
1140,EST,ST,209070,F,1989-06-09,A,26.0
1141,EST,ST,211090,F,1988-03-01,A,27.0
1142,EST,ST,211696,F,1992-04-01,A,23.0
1143,EST,ST,212403,M,1980-04-08,T,35.0
1144,EST,ST,212908,F,1984-01-01,A,32.0
1145,EST,ST,217150,F,1990-03-01,T,25.0
1146,EST,ST,217756,F,1987-07-20,A,28.0
1147,EST,ST,217958,F,1978-06-01,A,37.0
1148,EST,ST,583073,F,1983-02-01,A,32.0
1149,EST,ST,583275,F,1993-06-11,A,22.0
1150,EST,ST,586810,F,1994-03-21,A,21.0
1151,EST,ST,587012,F,1996-10-16,A,19.0
1152,EST,ST,587719,F,1998-09-10,T,17.0
1153,EST,ST,588527,F,1998-09-10,A,17.0
1154,EST,ST,588729,F,2000-02-01,A,15.0
1155,EST,ST,590042,M,2000-02-01,A,15.0
1156,EST,ST,590143,F,2000-02-01,T,15.0
1157,EST,ST,810222,F,2000-02-01,T,15.0
1158,EST,ST,812040,F,2000-02-01,A,15.0
1159,EST,ST,814868,F,2000-02-01,A,15.0
1160,EST,ST,815474,M,2000-02-01,A,15.0
1161,EST,ST,816585,F,2000-02-01,A,15.0
1162,EST,ST,817292,F,2000-01-01,T,16.0
1163,EST,ST,817595,M,2000-02-01,A,15.0
1164,EST,ST,1073832,F,2000-02-01,A,15.0
1165,EST,ST,1088073,M,2000-02-01,A,15.0
1166,EST,ST,1091204,M,2002-01-08,T,13.0
1167,EST,ST,1091709,F,2001-11-01,A,14.0
1168,EST,ST,1091305,F,2002-01-08,A,13.0
1169,EST,ST,1091608,M,2001-11-01,A,14.0
1170,EST,ST,1091911,M,2001-11-01,T,14.0
1171,EST,ST,1091002,M,2001-11-01,A,14.0
1172,EST,ST,1091507,M,2001-11-01,A,14.0
1173,EST,ST,1090699,F,2001-11-01,T,14.0
1174,EST,ST,1090800,F,2002-01-08,A,13.0
1175,EST,ST,1090901,F,2002-01-08,A,13.0
1176,EST,ST,1091406,F,2002-01-08,T,13.0
1177,EST,ST,1092012,M,2002-01-08,T,13.0
1178,EST,ST,1078983,F,2002-01-08,A,13.0
1179,EST,ST,1092315,F,2002-01-08,T,13.0
1180,EST,ST,1098577,F,2001-11-23,T,14.0
1181,EST,ST,1099183,F,2001-11-27,T,14.0
1182,EST,ST,1099688,M,2002-01-08,T,13.0
1183,EST,ST,1100092,F,2002-01-08,T,13.0
1184,EST,ST,1101102,F,2002-01-08,T,13.0
1185,EST,ST,1101607,F,2002-01-08,T,13.0
1186,EST,ST,1101708,M,2002-01-08,T,13.0
1187,EST,ST,1102011,F,2002-01-08,T,13.0
1188,EST,ST,1102516,M,2002-01-08,T,13.0
1189,EST,ST,1103223,F,2002-01-08,T,13.0
1190,EST,ST,1099587,M,2002-01-08,T,13.0
1191,EST,ST,1100496,M,2002-01-08,T,13.0
1192,EST,ST,1101001,M,2002-01-08,T,13.0
1193,EST,ST,1101506,M,2002-01-08,T,13.0
1194,EST,ST,1102415,M,2002-01-08,T,13.0
1195,EST,ST,1103122,F,2002-01-08,T,13.0
1196,EST,ST,1100193,F,2002-01-08,T,13.0
1197,EST,ST,1100698,F,2002-02-01,T,13.0
1198,EST,ST,1101203,F,1998-11-18,T,17.0
1199,EST,ST,1102718,F,2005-02-01,A,10.0
1200,EST,ST,1102920,M,,A,
1201,EST,ST,1099486,M,,A,
1202,EST,ST,1099890,M,2003-05-01,A,12.0
1203,EST,ST,1100395,M,2003-05-01,A,12.0
1204,EST,ST,1100900,M,2003-05-01,A,12.0
1205,EST,ST,1101405,M,2003-05-01,A,12.0
1206,EST,ST,1101910,M,,A,
1207,EST,ST,1102314,F,,A,
1208,EST,ST,1102617,M,,A,
1209,EST,ST,1102819,M,2003-05-01,A,12.0
1210,EST,ST,1103021,M,2003-05-01,A,12.0
1211,EST,ST,1099385,M,2004-06-01,A,11.0
1212,EST,ST,1099789,M,2004-06-01,A,11.0
1213,EST,ST,1100294,F,2004-11-19,A,11.0
1214,EST,ST,1100799,F,2004-11-19,A,11.0
1215,EST,ST,1101304,F,2004-11-19,A,11.0
1216,EST,ST,1101809,F,2004-11-19,A,11.0
1217,EST,ST,1102112,F,2004-11-19,A,11.0
1218,EST,ST,1102213,F,2004-11-19,A,11.0
1219,EST,ST,1100597,F,2004-11-19,A,11.0
1220,EST,ST,1079993,M,2004-12-04,A,11.0
1221,EST,ST,1098173,F,2004-12-09,A,11.0
1222,EST,ST,1083023,M,2004-12-01,A,11.0
1223,EST,ST,435310,M,2004-12-01,A,11.0
1224,EST,ST,462681,M,2004-12-01,A,11.0
1225,EST,ST,462883,F,2005-01-18,A,10.0
1226,EST,ST,463186,F,2005-01-10,A,10.0
1227,EST,ST,465206,F,2005-02-01,A,10.0
1228,EST,ST,482780,F,2005-04-01,A,10.0
1229,EST,ST,516514,M,2005-04-04,A,10.0
1230,EST,ST,525907,F,2005-04-22,A,10.0
1231,EST,ST,1075145,F,2005-04-25,A,10.0
1232,EST,ST,1075246,M,2005-05-01,A,10.0
1233,EST,ST,1075347,M,2005-05-10,A,10.0
1234,EST,ST,1065954,M,2005-05-16,A,10.0
1235,EST,ST,1080599,M,2005-05-16,A,10.0
1236,EST,ST,1080700,M,2005-05-17,A,10.0
1237,EST,ST,1080801,F,2005-06-01,A,10.0
1238,EST,ST,1086255,F,2005-06-01,A,10.0
1239,EST,ST,1086659,F,2005-06-01,A,10.0
1240,EST,ST,1086760,M,2005-06-01,A,10.0
1241,EST,ST,1087063,M,2005-06-01,A,10.0
1242,EST,ST,1081609,F,2005-06-01,A,10.0
1243,EST,ST,1081912,M,2005-06-02,A,10.0
1244,EST,ST,1082417,M,2005-06-02,A,10.0
1245,EST,ST,1082518,M,2005-06-02,A,10.0
1246,EST,ST,1082720,M,2005-06-02,A,10.0
1247,EST,ST,1082821,M,2005-06-02,A,10.0
1248,EST,ST,1082922,M,2005-06-02,A,10.0
1249,EST,ST,1079690,F,2005-06-01,A,10.0
1250,EST,ST,1079892,M,2005-06-07,A,10.0
1251,EST,ST,1080397,M,2005-06-13,A,10.0
1252,EST,ST,1081003,M,2005-06-16,A,10.0
1253,EST,ST,1081104,M,2005-06-02,A,10.0
1254,EST,ST,1081306,M,,A,
1255,EST,ST,1079185,M,,A,
1256,EST,ST,1076458,M,,A,
1257,EST,ST,1085245,F,,A,
1258,EST,ST,1085447,F,,A,
1259,EST,ST,1085649,M,,A,
1260,EST,ST,1093729,M,,A,
1261,EST,ST,1096355,M,,A,
1262,EST,ST,1094133,M,,A,
1263,EST,ST,1105849,M,,A,
1264,EST,ST,1105950,M,,A,
1265,EST,ST,826483,M,,A,
1266,EST,ST,1087669,M,,A,
1267,EST,UD,280780,M,1971-04-15,A,44.0
1268,EST,UD,300374,M,1973-06-01,A,42.0
1269,EST,UD,300475,M,1973-06-01,A,42.0
1270,EST,UD,301384,F,1979-06-01,A,36.0
1271,EST,UD,302394,F,1973-06-01,A,42.0
1272,EST,UD,310979,F,1973-06-01,A,42.0
1273,EST,UD,333502,F,1973-01-11,A,42.0
1274,EST,UD,352692,M,1979-01-01,A,37.0
1275,EST,UD,353096,M,1979-01-01,A,37.0
1276,EST,UD,353298,M,1975-03-13,A,40.0
1277,EST,UD,354712,M,1979-01-01,A,37.0
1278,EST,UD,362186,M,1979-01-01,A,37.0
1279,EST,UD,363499,M,1979-01-01,A,37.0
1280,EST,UD,378548,M,1979-01-01,A,37.0
1281,EST,UD,378851,M,1979-01-01,A,37.0
1282,EST,UD,378952,M,1979-01-01,A,37.0
1283,EST,UD,395920,M,1977-11-16,A,38.0
1284,EST,UD,396122,M,1981-06-01,A,34.0
1285,EST,UD,396324,M,1977-11-16,A,38.0
1286,EST,UD,396829,F,1977-11-16,A,38.0
1287,EST,UD,397637,M,1981-06-01,A,34.0
1288,EST,UD,398344,F,1980-08-01,A,35.0
1289,EST,UD,398546,F,1978-07-01,A,37.0
1290,EST,UD,398748,F,1980-08-01,A,35.0
1291,EST,UD,413090,F,1978-01-22,A,37.0
1292,EST,UD,417837,M,1979-03-31,A,36.0
1293,EST,UD,418443,F,1981-06-01,A,34.0
1294,EST,UD,419049,F,1979-03-31,A,36.0
1295,EST,UD,419865,M,1979-03-31,A,36.0
1296,EST,UD,420160,M,1980-08-01,A,35.0
1297,EST,UD,420564,F,1982-12-16,A,33.0
1298,EST,UD,421978,F,1979-03-31,A,36.0
1299,EST,UD,424099,F,1979-01-05,A,37.0
1300,EST,UD,425614,F,1980-02-20,A,35.0
1301,EST,UD,430260,F,1981-06-29,A,34.0
1302,EST,UD,432482,M,1982-01-18,A,33.0
1303,EST,UD,439047,F,1985-04-03,A,30.0
1304,EST,UD,439956,F,1983-03-31,A,32.0
1305,EST,UD,444703,F,1983-12-01,A,32.0
1306,EST,UD,445208,F,1983-12-01,A,32.0
1307,EST,UD,445713,F,1983-10-06,A,32.0
1308,EST,UD,447935,F,1984-02-06,A,31.0
1309,EST,UD,448238,F,1984-05-17,A,31.0
1310,EST,UD,449955,M,1984-10-13,A,31.0
1311,EST,UD,451167,F,1984-11-12,A,31.0
1312,EST,UD,452177,F,1985-01-04,A,31.0
1313,EST,UD,453490,F,1985-11-01,A,30.0
1314,EST,UD,453591,M,1985-09-30,A,30.0
1315,EST,UD,454601,F,1986-03-05,A,29.0
1316,EST,UD,454702,F,1985-12-01,A,30.0
1317,EST,UD,454904,F,1986-02-20,A,29.0
1318,EST,UD,455813,M,1984-11-15,A,31.0
1319,EST,UD,456015,M,1984-10-13,A,31.0
1320,EST,UD,457732,F,1986-08-25,A,29.0
1321,EST,UD,458136,F,1986-10-22,A,29.0
1322,EST,UD,458237,F,1986-10-22,A,29.0
1323,EST,UD,459449,F,1984-04-30,A,31.0
1324,EST,UD,459550,F,1986-04-30,A,29.0
1325,EST,UD,464499,F,1987-04-24,A,28.0
1326,EST,UD,467125,M,1996-05-26,T,19.0
1327,EST,UD,467327,M,1984-10-13,A,31.0
1328,EST,UD,467832,M,1984-10-13,A,31.0
1329,EST,UD,468034,M,1984-10-13,A,31.0
1330,EST,UD,468236,M,1986-10-13,A,29.0
1331,EST,UD,468842,M,1984-10-13,A,31.0
1332,EST,UD,469044,M,1984-10-18,A,31.0
1333,EST,UD,469145,M,1984-10-13,A,31.0
1334,EST,UD,469448,M,1984-10-13,A,31.0
1335,EST,UD,469549,M,1984-10-13,A,31.0
1336,EST,UD,469751,M,1984-10-13,A,31.0
1337,EST,UD,471771,M,1987-03-01,A,28.0
1338,EST,UD,472175,M,1987-05-10,A,28.0
1339,EST,UD,472478,M,1987-05-01,A,28.0
1340,EST,UD,472579,M,1987-05-01,A,28.0
1341,EST,UD,473286,M,1987-05-01,A,28.0
1342,EST,UD,474296,M,1987-05-10,A,28.0
1343,EST,UD,474599,F,1987-05-01,A,28.0
1344,EST,UD,474902,F,1987-05-10,A,28.0
1345,EST,UD,475104,F,1987-05-01,A,28.0
1346,EST,UD,475407,F,1987-05-10,A,28.0
1347,EST,UD,480053,M,1987-10-01,A,28.0
1348,EST,UD,480154,F,1987-10-28,A,28.0
1349,EST,UD,480255,M,1987-07-01,A,28.0
1350,EST,UD,480356,M,1987-10-20,A,28.0
1351,EST,UD,480457,F,1987-11-16,A,28.0
1352,EST,UD,480861,F,1987-11-23,A,28.0
1353,EST,UD,480962,F,1987-11-01,A,28.0
1354,EST,UD,481164,M,1987-12-01,A,28.0
1355,EST,UD,481568,M,1987-12-10,A,28.0
1356,EST,UD,481770,M,1987-12-01,A,28.0
1357,EST,UD,484194,F,1988-01-01,A,28.0
1358,EST,UD,484598,F,1988-02-01,A,27.0
1359,EST,UD,485305,F,1987-11-19,A,28.0
1360,EST,UD,485406,F,1988-02-01,A,27.0
1361,EST,UD,486820,F,1988-05-13,A,27.0
1362,EST,UD,489749,F,1984-11-20,A,31.0
1363,EST,UD,489951,F,1988-11-06,A,27.0
1364,EST,UD,490153,F,1988-08-25,A,27.0
1365,EST,UD,490456,M,1988-08-31,A,27.0
1366,EST,UD,491365,M,1988-12-12,A,27.0
1367,EST,UD,491567,M,1988-09-01,A,27.0
1368,EST,UD,492375,M,1988-11-16,A,27.0
1369,EST,UD,492678,F,1988-11-01,A,27.0
1370,EST,UD,492880,F,1988-11-30,A,27.0
1371,EST,UD,497223,F,1989-03-02,A,26.0
1372,EST,UD,499445,F,1989-03-30,A,26.0
1373,EST,UD,500556,F,1989-05-25,A,26.0
1374,EST,UD,500758,M,1989-03-31,A,26.0
1375,EST,UD,500960,F,1989-05-31,A,26.0
1376,EST,UD,504293,F,1989-09-30,A,26.0
1377,EST,UD,504899,F,1989-08-29,A,26.0
1378,EST,UD,506616,M,1989-10-01,A,26.0
1379,EST,UD,507828,F,1989-09-01,A,26.0
1380,EST,UD,507929,F,1990-01-24,A,25.0
1381,EST,UD,510252,F,1989-10-10,A,26.0
1382,EST,UD,511363,F,1990-09-14,A,25.0
1383,EST,UD,511464,F,1990-09-19,A,25.0
1384,EST,UD,511565,M,1990-05-01,A,25.0
1385,EST,UD,511969,F,1990-09-12,A,25.0
1386,EST,UD,512171,F,1987-04-24,A,28.0
1387,EST,UD,512373,F,1990-12-16,A,25.0
1388,EST,UD,512474,F,1990-12-12,A,25.0
1389,EST,UD,513888,F,1991-09-20,A,24.0
1390,EST,UD,515302,F,1992-02-01,A,23.0
1391,EST,UD,515403,F,1992-07-01,A,23.0
1392,EST,UD,520655,M,1979-01-01,A,37.0
1393,EST,UD,520756,M,1971-04-15,A,44.0
1394,EST,UD,521059,F,1981-11-26,A,34.0
1395,EST,UD,521160,F,1984-05-17,A,31.0
1396,EST,UD,521867,F,1975-10-18,A,40.0
1397,EST,UD,524493,F,1993-10-08,A,22.0
1398,EST,UD,524695,F,1994-01-05,A,22.0
1399,EST,UD,524796,F,1994-01-05,A,22.0
1400,EST,UD,525099,F,1994-01-24,A,21.0
1401,EST,UD,525200,F,1994-02-22,A,21.0
1402,EST,UD,525301,F,1994-01-24,A,21.0
1403,EST,UD,525402,F,1994-07-11,A,21.0
1404,EST,UD,525503,F,1994-09-05,A,21.0
1405,EST,UD,525604,F,1994-09-05,A,21.0
1406,EST,UD,525705,F,1994-09-05,A,21.0
1407,EST,UD,526816,F,1995-10-09,A,20.0
1408,EST,UD,527321,F,1996-06-17,A,19.0
1409,EST,UD,527523,F,1996-07-01,A,19.0
1410,EST,UD,527826,F,1997-01-10,A,18.0
1411,EST,UD,527927,M,1977-05-02,A,38.0
1412,EST,UD,530351,F,1998-09-01,A,17.0
1413,EST,UD,530553,F,1998-09-01,A,17.0
1414,EST,UD,530856,F,1998-09-01,A,17.0
1415,EST,UD,530957,F,1998-09-01,A,17.0
1416,EST,UD,531058,F,1998-11-09,A,17.0
1417,EST,UD,531462,F,1999-05-18,A,16.0
1418,EST,UD,531563,F,1999-07-21,A,16.0
1419,EST,UD,532472,F,2000-02-01,A,15.0
1420,EST,UD,541764,M,2000-02-01,A,15.0
1421,EST,UD,541865,M,2000-02-01,A,15.0
1422,EST,UD,542168,M,2000-02-01,A,15.0
1423,EST,UD,542370,M,2000-02-01,A,15.0
1424,EST,UD,542471,M,2000-02-01,A,15.0
1425,EST,UD,542572,M,2000-02-01,A,15.0
1426,EST,UD,542875,M,2000-02-01,A,15.0
1427,EST,UD,543380,F,2000-02-01,A,15.0
1428,EST,UD,543481,F,2000-02-01,A,15.0
1429,EST,UD,543683,M,2000-02-01,A,15.0
1430,EST,UD,543784,F,2000-02-01,A,15.0
1431,EST,UD,543986,M,2000-02-01,A,15.0
1432,EST,UD,544188,F,2000-02-01,A,15.0
1433,EST,UD,544390,F,2000-02-01,A,15.0
1434,EST,UD,544693,M,2000-02-01,A,15.0
1435,EST,UD,545198,F,2000-01-01,A,16.0
1436,EST,UD,545400,F,2000-02-01,A,15.0
1437,EST,UD,545602,M,2000-02-01,A,15.0
1438,EST,UD,545804,M,2000-02-01,A,15.0
1439,EST,UD,546814,F,2000-02-01,A,15.0
1440,EST,UD,547117,F,2000-02-01,A,15.0
1441,EST,UD,547218,F,2000-02-01,A,15.0
1442,EST,UD,547420,F,2000-02-01,A,15.0
1443,EST,UD,547521,M,2000-02-01,A,15.0
1444,EST,UD,547925,F,2000-06-01,A,15.0
1445,EST,UD,548026,M,2000-06-01,A,15.0
1446,EST,UD,548127,F,2000-06-01,A,15.0
1447,EST,UD,548531,M,2000-06-01,A,15.0
1448,EST,UD,549642,M,2001-03-10,A,14.0
1449,EST,UD,550147,M,2001-03-10,A,14.0
1450,EST,UD,554995,F,2000-08-01,A,15.0
1451,EST,UD,555096,F,2000-08-01,A,15.0
1452,EST,UD,557419,F,2001-10-01,A,14.0
1453,EST,UD,564792,F,2002-06-01,A,13.0
1454,EST,UD,566004,M,2002-06-01,A,13.0
1455,EST,UD,568630,F,2002-09-01,A,13.0
1456,EST,UD,568731,F,2002-09-01,A,13.0
1457,EST,UD,568832,F,2002-09-01,A,13.0
1458,EST,UD,568933,F,2002-09-01,A,13.0
1459,EST,UD,569236,M,2002-12-12,A,13.0
1460,EST,UD,569741,M,2003-04-17,A,12.0
1461,EST,UD,569842,F,2003-06-23,A,12.0
1462,EST,UD,570852,F,2003-01-01,A,13.0
1463,EST,UD,570953,F,2004-01-12,A,11.0
1464,EST,UD,574488,F,2005-05-01,A,10.0
1465,EST,UD,574791,F,2005-05-01,A,10.0
1466,EST,UD,574892,F,2005-05-01,A,10.0
1467,EST,UD,574993,F,2005-05-01,A,10.0
1468,EST,UD,575195,F,2005-05-01,A,10.0
1469,EST,UD,575498,F,2005-05-01,A,10.0
1470,EST,UD,575599,F,2005-05-01,A,10.0
1471,EST,UD,576104,F,2005-05-01,A,10.0
1472,EST,UD,576205,F,2005-05-01,A,10.0
1473,EST,UD,576710,F,2005-06-01,A,10.0
1474,EST,UD,1014747,F,2002-11-15,A,13.0
1475,EST,UD,1016464,F,2003-02-01,A,12.0
1476,EST,UD,1016666,F,2003-04-01,A,12.0
1477,EST,UD,1017171,F,2003-02-01,A,12.0
1478,EST,UD,1018181,M,2003-03-31,A,12.0
1479,EST,UD,1018888,F,2003-04-29,A,12.0
1480,EST,UD,1019191,F,2003-04-29,A,12.0
1481,EST,UD,1019292,F,2003-04-29,A,12.0
1482,EST,UD,6062121,M,,A,
1483,EST,UD,6062626,M,,A,
1484,EST,UD,6063030,M,,A,
1485,EST,UD,6063131,M,,A,
1486,EST,UD,6063232,M,,A,
1487,EST,UD,1087972,F,1989-04-10,A,26.0
1488,EST,UD,1091810,F,1980-02-02,T,35.0
1489,EST,UD,1094537,M,1975-03-05,T,40.0
1490,EST,UD,1094032,M,1980-01-01,T,36.0
1491,EST,UD,1094234,M,1980-01-01,P,36.0
1492,EST,UD,1094739,M,1980-05-01,P,35.0
1493,EST,UD,1094436,M,1980-05-01,P,35.0
1494,EST,UD,1094335,M,1985-03-01,A,30.0
1495,EST,UD,1071913,M,1985-03-01,A,30.0
1496,EST,UD,1072014,M,1985-03-01,A,30.0
1497,EST,UD,1072519,F,1985-03-01,T,30.0
1498,EST,UD,709222,F,1985-06-19,T,30.0
1499,EST,UD,709323,M,1983-02-17,T,32.0
1500,EST,UD,709424,F,1985-12-12,T,30.0
1501,EST,UD,709525,F,1983-02-26,T,32.0
1502,EST,UD,709626,M,1985-01-01,T,31.0
1503,EST,UD,709727,M,1968-01-01,T,48.0
1504,EST,UD,822342,M,1968-01-01,T,48.0
1505,EST,UD,822544,F,1986-07-28,T,29.0
1506,EST,UD,822948,F,1967-07-02,T,48.0
1507,EST,UD,1074034,F,1967-08-08,T,48.0
1508,EST,UD,419655,F,1971-04-15,A,44.0
1509,EST,UD,819615,F,1971-04-15,T,44.0
1510,EST,UD,519645,M,1971-04-15,A,44.0
1511,EST,UD,277851,M,1971-04-15,A,44.0
1512,EST,UD,278154,M,1971-04-15,A,44.0
1513,EST,UD,278457,M,1971-04-15,A,44.0
1514,EST,UD,278962,M,1971-04-15,T,44.0
1515,EST,UD,279164,F,1971-04-15,A,44.0
1516,EST,UD,279568,M,1995-03-01,A,20.0
1517,EST,UD,280982,M,1971-04-15,T,44.0
1518,EST,UD,293708,F,1969-04-17,T,46.0
1519,EST,UD,299768,M,1973-06-01,A,42.0
1520,EST,UD,299869,M,1973-06-01,A,42.0
1521,EST,UD,301283,F,1973-06-01,T,42.0
1522,EST,UD,301586,F,1973-08-15,T,42.0
1523,EST,UD,301788,F,1973-06-01,A,42.0
1524,EST,UD,302495,F,1974-08-01,T,41.0
1525,EST,UD,305222,F,1970-03-04,T,45.0
1526,EST,UD,309969,M,1979-01-01,T,37.0
1527,EST,UD,320170,F,1972-03-23,P,43.0
1528,EST,UD,320473,M,1979-01-01,T,37.0
1529,EST,UD,321988,F,1972-06-12,T,43.0
1530,EST,UD,327745,F,1972-10-31,T,43.0
1531,EST,UD,333906,F,1976-03-02,T,39.0
1532,EST,UD,335118,F,1973-05-08,A,42.0
1533,EST,UD,342794,F,1973-09-25,A,42.0
1534,EST,UD,343804,F,1994-02-12,P,21.0
1535,EST,UD,345521,F,1974-09-01,T,41.0
1536,EST,UD,346632,F,1979-01-01,A,37.0
1537,EST,UD,348248,M,1979-01-01,T,37.0
1538,EST,UD,353904,F,1978-01-11,A,37.0
1539,EST,UD,354813,M,1979-01-01,A,37.0
1540,EST,UD,355217,F,1979-01-01,A,37.0
1541,EST,UD,362994,M,1979-01-01,T,37.0
1542,EST,UD,364913,M,1979-01-01,T,37.0
1543,EST,UD,365317,F,1975-08-18,T,40.0
1544,EST,UD,366630,F,1972-08-19,A,43.0
1545,EST,UD,367842,F,1979-01-01,A,37.0
1546,EST,UD,368448,F,1979-01-01,A,37.0
1547,EST,UD,369660,F,1976-03-16,A,39.0
1548,EST,UD,369862,F,1979-01-05,A,37.0
1549,EST,UD,373498,F,1980-08-01,A,35.0
1550,EST,UD,374508,F,1980-08-01,A,35.0
1551,EST,UD,377841,M,1979-01-01,A,37.0
1552,EST,UD,378043,M,1971-04-05,T,44.0
1553,EST,UD,379053,M,1979-01-01,T,37.0
1554,EST,UD,396223,M,,T,
1555,EST,UD,397738,F,1977-11-16,A,38.0
1556,EST,UD,398849,M,1977-11-16,T,38.0
1557,EST,UD,400061,F,1977-10-27,A,38.0
1558,EST,UD,405818,F,1979-01-01,A,37.0
1559,EST,UD,406121,F,1984-09-01,T,31.0
1560,EST,UD,410464,F,1980-02-20,T,35.0
1561,EST,UD,410565,F,1978-05-11,A,37.0
1562,EST,UD,410666,F,1978-05-15,A,37.0
1563,EST,UD,412484,F,1978-10-02,T,37.0
1564,EST,UD,417736,M,1983-01-01,T,33.0
1565,EST,UD,419453,F,1983-01-01,T,33.0
1566,EST,UD,419857,F,1979-03-31,A,36.0
1567,EST,UD,420766,F,,T,
1568,EST,UD,424503,F,1979-06-23,A,36.0
1569,EST,UD,425008,F,1981-06-01,A,34.0
1570,EST,UD,425715,F,1971-04-15,P,44.0
1571,EST,UD,426018,F,1980-05-15,A,35.0
1572,EST,UD,426523,F,1969-04-17,T,46.0
1573,EST,UD,428341,F,1981-05-26,T,34.0
1574,EST,UD,429250,M,1981-02-14,T,34.0
1575,EST,UD,429856,F,1981-08-10,T,34.0
1576,EST,UD,430058,F,1981-02-12,A,34.0
1577,EST,UD,436118,F,1984-08-09,A,31.0
1578,EST,UD,436421,F,1980-12-03,T,35.0
1579,EST,UD,437128,F,1982-02-10,A,33.0
1580,EST,UD,437229,F,1983-01-01,A,33.0
1581,EST,UD,439855,F,1983-03-26,A,32.0
1582,EST,UD,440057,F,1983-02-23,A,32.0
1583,EST,UD,443188,F,1980-08-01,T,35.0
1584,EST,UD,443592,F,1983-01-01,A,33.0
1585,EST,UD,443895,F,1983-12-01,A,32.0
1586,EST,UD,445511,M,1983-10-14,A,32.0
1587,EST,UD,445612,F,1983-10-16,T,32.0
1588,EST,UD,445814,F,1983-09-12,T,32.0
1589,EST,UD,446521,F,1983-01-01,A,33.0
1590,EST,UD,448036,F,1984-02-08,A,31.0
1591,EST,UD,451066,F,1984-12-14,A,31.0
1592,EST,UD,451268,F,1984-11-22,T,31.0
1593,EST,UD,451369,F,1984-12-13,T,31.0
1594,EST,UD,452379,F,1983-12-01,A,32.0
1595,EST,UD,452581,F,1985-06-26,A,30.0
1596,EST,UD,452884,F,1985-01-30,T,30.0
1597,EST,UD,453187,F,1985-01-04,T,31.0
1598,EST,UD,454500,F,1986-06-17,T,29.0
1599,EST,UD,454803,F,1986-03-05,T,29.0
1600,EST,UD,455005,F,1986-01-03,A,30.0
1601,EST,UD,456419,F,1986-03-03,T,29.0
1602,EST,UD,460156,F,1989-05-25,T,26.0
1603,EST,UD,467630,M,1984-10-13,A,31.0
1604,EST,UD,467933,M,1984-10-13,A,31.0
1605,EST,UD,468135,F,1984-10-12,A,31.0
1606,EST,UD,468337,M,1984-10-13,T,31.0
1607,EST,UD,468539,M,1984-10-13,T,31.0
1608,EST,UD,469246,M,1984-10-13,A,31.0
1609,EST,UD,470458,F,1986-05-22,A,29.0
1610,EST,UD,470862,F,1986-05-22,T,29.0
1611,EST,UD,471165,F,1987-03-01,A,28.0
1612,EST,UD,471872,M,1988-09-01,T,27.0
1613,EST,UD,471973,F,1988-02-01,A,27.0
1614,EST,UD,472781,M,1987-05-10,T,28.0
1615,EST,UD,472983,M,1987-05-10,T,28.0
1616,EST,UD,473185,M,1987-05-10,T,28.0
1617,EST,UD,473488,M,1987-05-10,A,28.0
1618,EST,UD,473791,M,1987-06-01,A,28.0
1619,EST,UD,473993,M,1987-05-01,T,28.0
1620,EST,UD,474397,F,1988-10-08,A,27.0
1621,EST,UD,474498,F,1987-05-01,A,28.0
1622,EST,UD,481265,M,1987-05-10,A,28.0
1623,EST,UD,481669,M,1987-12-01,A,28.0
1624,EST,UD,484295,F,1988-01-10,P,27.0
1625,EST,UD,484497,F,1988-02-01,A,27.0
1626,EST,UD,485709,M,1988-03-08,A,27.0
1627,EST,UD,489850,F,1987-11-10,A,28.0
1628,EST,UD,490052,M,1988-07-10,T,27.0
1629,EST,UD,490557,F,1988-04-04,A,27.0
1630,EST,UD,490759,F,1988-08-26,T,27.0
1631,EST,UD,490860,F,1988-12-10,T,27.0
1632,EST,UD,492072,M,1968-09-03,T,47.0
1633,EST,UD,493082,F,1988-09-09,A,27.0
1634,EST,UD,494597,M,1988-11-18,A,27.0
1635,EST,UD,496516,F,,T,
1636,EST,UD,497425,M,1989-05-02,T,26.0
1637,EST,UD,498031,F,1989-01-01,A,27.0
1638,EST,UD,498637,F,1989-04-18,A,26.0
1639,EST,UD,498940,F,1989-05-04,A,26.0
1640,EST,UD,499344,F,1989-04-10,A,26.0
1641,EST,UD,501162,F,1989-06-09,T,26.0
1642,EST,UD,501566,F,1989-05-10,T,26.0
1643,EST,UD,507323,F,1989-10-06,A,26.0
1644,EST,UD,512070,F,1990-10-26,T,25.0
1645,EST,UD,515201,F,1992-07-01,T,23.0
1646,EST,UD,519948,M,1980-01-01,A,36.0
1647,EST,UD,520150,F,1975-07-01,T,40.0
1648,EST,UD,520352,M,1968-01-01,A,48.0
1649,EST,UD,520453,F,1979-02-28,A,36.0
1650,EST,UD,520857,F,1974-06-07,A,41.0
1651,EST,UD,520958,F,1978-11-03,T,37.0
1652,EST,UD,521261,F,1984-05-23,A,31.0
1653,EST,UD,521463,F,1973-03-19,A,42.0
1654,EST,UD,521766,M,1985-03-01,A,30.0
1655,EST,UD,522170,F,1987-05-01,A,28.0
1656,EST,UD,524998,F,1994-02-01,T,21.0
1657,EST,UD,526715,F,1995-10-02,A,20.0
1658,EST,UD,528331,F,1997-12-20,A,18.0
1659,EST,UD,528432,M,1995-03-01,T,20.0
1660,EST,UD,528735,F,1998-07-01,A,17.0
1661,EST,UD,530452,F,1998-09-01,A,17.0
1662,EST,UD,531361,F,1999-04-12,A,16.0
1663,EST,UD,531866,F,1999-09-17,A,16.0
1664,EST,UD,532068,M,1999-06-24,T,16.0
1665,EST,UD,532371,M,2000-01-10,T,15.0
1666,EST,UD,532775,M,2000-03-09,T,15.0
1667,EST,UD,541986,M,2000-02-01,T,15.0
1668,EST,UD,542067,M,2000-02-01,A,15.0
1669,EST,UD,542269,M,2000-02-01,T,15.0
1670,EST,UD,542673,M,2000-02-01,T,15.0
1671,EST,UD,542774,M,2000-02-01,T,15.0
1672,EST,UD,542976,M,2000-02-01,T,15.0
1673,EST,UD,543077,M,2000-02-01,A,15.0
1674,EST,UD,543178,M,2000-02-01,T,15.0
1675,EST,UD,543279,F,2000-02-01,T,15.0
1676,EST,UD,543885,F,2000-02-01,A,15.0
1677,EST,UD,544087,F,2000-02-01,T,15.0
1678,EST,UD,544289,M,2000-02-01,T,15.0
1679,EST,UD,544491,F,2000-02-01,T,15.0
1680,EST,UD,544794,M,2000-02-01,T,15.0
1681,EST,UD,544996,M,2000-02-01,T,15.0
1682,EST,UD,545097,M,2000-01-01,T,16.0
1683,EST,UD,545501,M,2000-02-01,T,15.0
1684,EST,UD,545703,M,2000-02-01,T,15.0
1685,EST,UD,545905,M,2000-02-01,T,15.0
1686,EST,UD,546006,M,2000-02-01,A,15.0
1687,EST,UD,546208,M,2000-02-01,A,15.0
1688,EST,UD,546410,M,2000-02-01,A,15.0
1689,EST,UD,546511,M,2000-02-01,T,15.0
1690,EST,UD,546612,M,2000-02-01,A,15.0
1691,EST,UD,546713,M,2000-02-01,T,15.0
1692,EST,UD,546915,M,2000-02-01,T,15.0
1693,EST,UD,547016,F,2000-02-01,T,15.0
1694,EST,UD,547622,M,2000-02-01,T,15.0
1695,EST,UD,548228,M,2000-06-01,A,15.0
1696,EST,UD,548329,M,2000-06-01,A,15.0
1697,EST,UD,548430,F,2000-06-01,A,15.0
1698,EST,UD,548632,M,2000-06-01,T,15.0
1699,EST,UD,549339,M,2001-03-10,T,14.0
1700,EST,UD,549440,M,2001-03-10,A,14.0
1701,EST,UD,549541,M,2001-03-10,A,14.0
1702,EST,UD,549743,M,2001-03-10,A,14.0
1703,EST,UD,549844,M,2001-03-10,T,14.0
1704,EST,UD,549945,M,2001-03-10,A,14.0
1705,EST,UD,550046,M,2001-03-10,A,14.0
1706,EST,UD,550248,M,2001-03-10,T,14.0
1707,EST,UD,550349,M,2001-03-10,T,14.0
1708,EST,UD,550450,M,2001-03-10,T,14.0
1709,EST,UD,550854,M,2000-12-01,T,15.0
1710,EST,UD,554894,M,2000-08-10,T,15.0
1711,EST,UD,555298,F,2002-08-01,T,13.0
1712,EST,UD,555399,M,2000-08-01,A,15.0
1713,EST,UD,555904,M,2001-10-01,T,14.0
1714,EST,UD,556005,M,2001-10-01,T,14.0
1715,EST,UD,556308,M,2001-10-01,T,14.0
1716,EST,UD,557217,M,2000-08-01,T,15.0
1717,EST,UD,557318,F,2001-10-01,T,14.0
1718,EST,UD,557520,M,2001-10-01,T,14.0
1719,EST,UD,557621,M,2001-10-01,T,14.0
1720,EST,UD,557722,M,2001-10-01,T,14.0
1721,EST,UD,557823,M,2001-10-01,T,14.0
1722,EST,UD,557924,M,2001-10-01,T,14.0
1723,EST,UD,558025,M,2001-10-01,A,14.0
1724,EST,UD,558126,M,2001-10-01,T,14.0
1725,EST,UD,558227,M,2001-10-01,T,14.0
1726,EST,UD,558328,M,2001-10-01,T,14.0
1727,EST,UD,558429,M,2001-10-01,T,14.0
1728,EST,UD,558530,M,2001-10-01,T,14.0
1729,EST,UD,558631,M,2001-10-01,A,14.0
1730,EST,UD,558732,M,2001-10-01,T,14.0
1731,EST,UD,559136,M,2002-01-01,T,14.0
1732,EST,UD,562166,M,2002-06-01,A,13.0
1733,EST,UD,562267,F,2002-06-01,A,13.0
1734,EST,UD,563782,M,2002-04-01,T,13.0
1735,EST,UD,563883,F,2002-04-01,A,13.0
1736,EST,UD,564590,M,2002-06-01,A,13.0
1737,EST,UD,564691,M,2002-06-01,T,13.0
1738,EST,UD,564893,F,2002-06-01,T,13.0
1739,EST,UD,564994,F,2002-06-01,T,13.0
1740,EST,UD,565095,F,2002-05-01,T,13.0
1741,EST,UD,565196,M,2002-06-01,A,13.0
1742,EST,UD,565297,M,2002-06-01,A,13.0
1743,EST,UD,565398,M,2002-06-01,T,13.0
1744,EST,UD,565499,F,2000-06-01,T,15.0
1745,EST,UD,565600,M,2002-06-01,A,13.0
1746,EST,UD,565701,M,2002-06-01,A,13.0
1747,EST,UD,565802,F,2002-06-01,T,13.0
1748,EST,UD,565903,F,2002-06-01,T,13.0
1749,EST,UD,566206,M,2002-06-01,A,13.0
1750,EST,UD,567923,M,2001-07-01,A,14.0
1751,EST,UD,568024,M,2002-07-01,T,13.0
1752,EST,UD,569337,M,2003-01-01,T,13.0
1753,EST,UD,569438,F,2003-02-10,A,12.0
1754,EST,UD,569943,M,2003-05-31,A,12.0
1755,EST,UD,570650,F,2003-09-08,A,12.0
1756,EST,UD,570751,M,2003-09-08,A,12.0
1757,EST,UD,571155,M,2004-02-25,A,11.0
1758,EST,UD,571660,M,2004-06-01,T,11.0
1759,EST,UD,571761,M,2004-11-01,A,11.0
1760,EST,UD,574589,F,2005-05-01,A,10.0
1761,EST,UD,574690,F,2005-05-01,A,10.0
1762,EST,UD,575094,F,2005-05-01,A,10.0
1763,EST,UD,575296,F,2005-05-01,A,10.0
1764,EST,UD,575397,F,2005-05-01,A,10.0
1765,EST,UD,575700,F,2005-05-01,A,10.0
1766,EST,UD,575801,F,2005-05-01,A,10.0
1767,EST,UD,575902,F,2005-05-01,A,10.0
1768,EST,UD,576003,F,2005-05-01,A,10.0
1769,EST,UD,576306,F,2005-05-01,A,10.0
1770,EST,UD,576407,F,2005-05-01,A,10.0
1771,EST,UD,576508,F,2005-05-01,A,10.0
1772,EST,UD,576609,M,2005-06-01,A,10.0
1773,EST,UD,576811,F,2005-06-01,A,10.0
1774,EST,UD,576912,F,2005-06-01,A,10.0
1775,EST,UD,577114,F,2005-06-01,A,10.0
1776,EST,UD,606000,M,,I,
1777,EST,UD,606101,M,1972-06-01,A,43.0
1778,EST,UD,606202,F,1972-06-01,I,43.0
1779,EST,UD,606303,F,1972-06-01,I,43.0
1780,EST,UD,606404,M,1972-06-01,I,43.0
1781,EST,UD,608929,M,,T,
1782,EST,UD,1011010,M,,A,
1783,EST,UD,1012525,M,2003-05-01,A,12.0
1784,EST,UD,1012929,F,2002-06-01,T,13.0
1785,EST,UD,1014848,M,2002-11-15,T,13.0
1786,EST,UD,1014949,F,2002-11-15,T,13.0
1787,EST,UD,1015656,M,,A,
1788,EST,UD,1016161,M,,A,
1789,EST,UD,1016767,M,2003-02-01,T,12.0
1790,EST,UD,1018282,M,2003-03-01,A,12.0
1791,EST,UD,1018686,M,2003-04-26,T,12.0
1792,EST,UD,1018787,F,2003-04-29,T,12.0
1793,EST,UD,1018989,F,2003-04-29,T,12.0
1794,EST,UD,1019090,M,2003-04-29,T,12.0
1795,EST,UD,1019805,M,2003-05-09,T,12.0
1796,EST,UD,1019696,M,2003-05-31,T,12.0
1797,EST,UD,1019898,M,2003-05-01,T,12.0
1798,EST,UD,1019999,M,2003-05-01,A,12.0
1799,EST,UD,1020201,M,,A,
1800,EST,UD,1020504,M,2003-05-01,A,12.0
1801,EST,UD,1021716,M,2003-05-01,A,12.0
1802,EST,UD,1021817,M,2003-05-01,A,12.0
1803,EST,UD,1021918,M,2003-05-01,A,12.0
1804,EST,UD,1022019,M,2003-05-01,A,12.0
1805,EST,UD,1022827,F,2003-11-17,T,12.0
1806,EST,UD,1022928,F,2003-11-17,T,12.0
1807,EST,UD,1023332,M,2004-06-01,A,11.0
1808,EST,UD,1023837,M,2004-06-01,A,11.0
1809,EST,UD,1024241,M,,A,
1810,EST,UD,1024342,M,,I,
1811,EST,UD,1028281,M,2004-12-01,A,11.0
1812,EST,UD,1028786,M,2004-12-01,A,11.0
1813,EST,UD,2020101,M,,A,
1814,EST,UD,2020202,F,,A,
1815,EST,UD,2020303,M,,A,
1816,EST,UD,6060000,M,2002-01-01,T,14.0
1817,EST,UD,6060101,F,,T,
1818,EST,UD,6060202,M,,T,
1819,EST,UD,6060303,M,,T,
1820,EST,UD,6060404,M,,T,
1821,EST,UD,6060505,M,,T,
1822,EST,UD,6060606,F,,T,
1823,EST,UD,6060707,F,,T,
1824,EST,UD,6060808,F,,T,
1825,EST,UD,6060909,F,,T,
1826,EST,UD,6061010,F,,T,
1827,EST,UD,6061111,F,,T,
1828,EST,UD,6061212,F,,T,
1829,EST,UD,6061313,F,,T,
1830,EST,UD,6061616,M,,T,
1831,EST,UD,6061717,M,,T,
1832,EST,UD,6061818,M,,T,
1833,EST,UD,6061919,M,2001-12-01,T,14.0
1834,EST,UD,6062020,M,,A,
1835,EST,UD,6062222,M,,A,
1836,EST,UD,6062323,F,,T,
1837,EST,UD,6062424,M,,A,
1838,EST,UD,6062525,F,,I,
1839,EST,UD,6062727,M,,T,
1840,EST,UD,6062828,M,,T,
1841,EST,UD,6062929,M,,T,
1842,EST,UD,6063333,F,,T,
1843,EST,UD,6063434,M,,A,
1844,EST,UD,6063535,M,,T,
1845,EST,UD,6063636,F,2001-12-01,T,14.0
1846,EST,UD,6063737,M,,T,
1847,EST,UD,6063838,M,,A,
1848,EST,UD,6063939,M,,T,
1849,EST,UD,6064040,M,,A,
1850,EST,UD,6064141,M,,A,
1851,EST,UD,6064242,M,,T,
1852,EST,UD,6064848,M,,A,
