Estate,Division,EmpCode,Gender,DateofJoin,PAMACT
EST,HO,2727,F,1/1/1972,A
EST,HO,11211,M,2/27/1975,T
EST,HO,29593,F,11/9/1972,A
EST,HO,37774,F,5/2/1973,A
EST,HO,37875,F,5/2/1973,A
EST,HO,38178,F,1/29/1978,A
EST,HO,38784,M,12/31/1979,A
EST,HO,40602,F,1/23/1978,A
EST,HO,41107,F,5/1/1973,A
EST,HO,41309,F,12/31/1979,A
EST,HO,42622,M,1/1/1978,A
EST,HO,42723,M,1/1/1978,A
EST,HO,42925,M,5/18/1977,A
EST,HO,43632,M,5/18/1977,A
EST,HO,43834,M,4/20/1977,A
EST,HO,44440,F,12/31/1975,A
EST,HO,45450,M,11/18/1977,A
EST,HO,46763,M,11/18/1977,A
EST,HO,47773,M,11/18/1977,A
EST,HO,51914,F,1/1/1983,A
EST,HO,52621,F,1/20/1983,A
EST,HO,56560,F,1/1/1983,A
EST,HO,59691,F,9/29/1980,A
EST,HO,61408,F,2/27/1981,A
EST,HO,62317,M,7/21/1981,A
EST,HO,63428,F,4/27/1988,A
EST,HO,63529,F,4/27/1983,A
EST,HO,64236,F,1/1/1979,A
EST,HO,64741,M,12/1/1988,A
EST,HO,65751,F,12/1/1983,A
EST,HO,65852,F,2/1/1983,A
EST,HO,66256,F,1/21/1982,A
EST,HO,66559,F,12/1/1983,A
EST,HO,67064,F,2/28/1984,A
EST,HO,67468,M,4/9/1979,A
EST,HO,68175,F,7/1/1982,A
EST,HO,68579,F,6/23/1987,A
EST,HO,68680,M,11/20/1984,A
EST,HO,68882,M,8/26/1987,A
EST,HO,69589,M,11/20/1984,A
EST,HO,69791,M,11/20/1984,A
EST,HO,69993,M,8/26/1987,A
EST,HO,70094,M,7/1/1972,A
EST,HO,70195,M,6/30/1987,A
EST,HO,70397,M,11/20/1984,A
EST,HO,71003,M,8/27/1987,A
EST,HO,71104,M,11/20/1984,A
EST,HO,71205,M,6/7/1987,A
EST,HO,71306,M,,
EST,HO,71710,F,6/30/1987,A
EST,HO,72316,M,8/26/1987,A
EST,HO,72821,M,11/20/1984,A
EST,HO,72922,M,11/20/1984,A
EST,HO,73023,M,6/13/1988,A
EST,HO,73124,M,6/14/1987,A
EST,HO,73831,M,5/1/1973,A
EST,HO,74033,M,9/12/1978,A
EST,HO,74336,M,8/26/1987,A
EST,HO,74639,M,5/30/1987,A
EST,HO,74740,M,11/1/1991,A
EST,HO,75043,F,6/15/1987,A
EST,HO,75346,M,11/1/1991,A
EST,HO,75851,F,10/16/1987,A
EST,HO,76558,F,2/15/1988,A
EST,HO,76659,M,2/15/1988,A
EST,HO,77669,M,3/24/1988,A
EST,HO,77871,M,3/24/1989,A
EST,HO,78275,M,11/1/1991,A
EST,HO,78477,M,12/1/1988,A
EST,HO,78982,F,2/3/1988,A
EST,HO,79487,M,8/8/1988,T
EST,HO,79790,F,7/29/1988,A
EST,HO,81608,M,12/27/1988,A
EST,HO,81709,M,4/1/1997,A
EST,HO,81810,M,12/27/1988,A
EST,HO,82315,M,12/7/1988,A
EST,HO,82416,M,5/12/1989,A
EST,HO,84032,F,,A
EST,HO,84739,F,9/1/1989,A
EST,HO,85143,M,9/20/1984,A
EST,HO,85244,F,,A
EST,HO,85446,F,7/1/1989,A
EST,HO,85951,F,2/14/1970,A
EST,HO,86658,F,2/13/1990,A
EST,HO,86860,F,4/21/1971,A
EST,HO,87971,F,2/1/1984,A
EST,HO,88072,F,7/1/1979,A
EST,HO,88173,F,1/1/1985,A
EST,HO,88779,F,3/30/1977,A
EST,HO,89284,F,9/20/1984,A
EST,HO,89385,F,11/3/1984,A
EST,HO,89587,F,7/1/1971,T
EST,HO,89688,F,1/5/1992,A
EST,HO,89890,F,1/1/1990,A
EST,HO,90193,F,9/28/1993,A
EST,HO,90294,F,5/2/1990,A
EST,HO,90395,F,1/1/1990,A
EST,HO,90597,F,5/19/1979,A
EST,HO,90698,F,9/12/1984,A
EST,HO,91001,F,3/29/1995,A
EST,HO,91809,F,11/23/1983,A
EST,HO,92112,F,10/24/1997,A
EST,HO,92213,F,11/18/1997,A
EST,HO,92314,F,4/12/1998,A
EST,HO,92516,F,9/1/1998,A
EST,HO,92617,F,11/18/1998,A
EST,HO,92920,F,9/1/1998,A
EST,HO,93021,F,9/1/1998,A
EST,HO,93425,F,3/12/1999,A
EST,HO,93627,F,7/27/1999,A
EST,HO,93829,M,4/1/2000,A
EST,HO,94031,M,5/1/2002,A
EST,HO,94132,M,5/1/2000,A
EST,HO,94435,M,5/1/2000,A
EST,HO,94839,M,5/1/2000,A
EST,HO,94940,M,4/1/2000,A
EST,HO,95041,M,5/1/2000,A
EST,HO,95243,M,5/1/2000,A
EST,HO,95647,M,5/1/2000,A
EST,HO,96152,M,5/1/2000,A
EST,HO,96354,F,5/1/2000,A
EST,HO,96556,M,4/1/2000,A
EST,HO,96859,F,5/1/2000,T
EST,HO,97162,F,5/1/2000,A
EST,HO,97566,F,5/1/2000,A
EST,HO,97768,F,5/1/2000,A
EST,HO,98071,F,5/1/2000,A
EST,HO,98172,F,5/1/2000,A
EST,HO,98273,M,5/1/2000,A
EST,HO,98475,M,5/1/2000,A
EST,HO,98879,M,5/1/2000,A
EST,HO,99182,M,5/1/2000,A
EST,HO,99283,M,5/1/2000,A
EST,HO,99384,M,5/1/2000,A
EST,HO,99586,F,5/1/2000,A
EST,HO,99889,F,6/4/2001,A
EST,HO,99990,F,10/1/2001,A
EST,HO,100091,F,9/25/2001,A
EST,HO,100192,F,12/15/2001,A
EST,HO,102818,F,,T
EST,HO,103424,M,3/1/2001,A
EST,HO,103525,M,3/1/2001,A
EST,HO,103626,F,4/1/2002,A
EST,HO,104838,M,3/1/2001,A
EST,HO,104939,M,3/1/2001,A
EST,HO,105040,M,3/1/2001,A
EST,HO,105141,M,3/1/2001,A
EST,HO,106252,M,5/1/2001,A
EST,HO,106757,M,8/7/1980,A
EST,HO,107161,F,2/1/2002,A
EST,HO,107666,F,3/1/2001,A
EST,HO,108676,F,3/1/2001,A
EST,HO,109888,M,3/1/2001,A
EST,HO,109989,F,3/1/2001,A
EST,HO,110797,M,3/1/2001,A
EST,HO,111100,M,8/1/2000,P
EST,HO,111201,F,9/20/2002,T
EST,HO,111504,F,3/21/2003,A
EST,HO,111605,F,4/1/2003,A
EST,HO,111807,F,10/13/2003,A
EST,HO,111908,F,11/17/2003,A
EST,HO,112110,F,2/1/2004,A
EST,HO,112312,F,2/1/2004,A
EST,HO,112413,F,2/1/2004,A
EST,HO,112514,F,2/1/2004,A
EST,HO,112615,F,2/1/2004,A
EST,HO,112716,F,2/1/2004,A
EST,HO,113120,F,5/10/2004,A
EST,HO,113221,F,2/16/2005,A
EST,HO,113322,F,3/14/2005,A
EST,HO,113423,F,4/4/2005,A
EST,HO,113524,F,5/2/2005,A
EST,HO,113625,M,5/2/2005,A
EST,HO,113726,M,5/1/2005,A
EST,HO,113827,M,5/2/2005,A
EST,HO,113928,M,5/2/2005,A
EST,HO,114029,F,5/2/2005,A
EST,HO,114130,F,5/2/2005,A
EST,HO,114231,F,5/2/2005,A
EST,HO,114332,F,5/2/2005,A
EST,HO,114534,F,5/2/2005,A
EST,HO,114635,F,5/2/2005,A
EST,HO,114736,F,5/2/2005,A
EST,HO,115039,F,5/2/2005,A
EST,HO,115443,F,5/2/2005,A
EST,HO,115544,F,5/2/2005,A
EST,HO,115847,F,5/2/2005,A
EST,HO,115948,M,5/2/2005,A
EST,HO,707000,M,1/1/2002,A
EST,HO,707101,M,1/1/2002,A
EST,HO,707202,M,2/1/2002,T
EST,HO,3030303,M,,A
EST,HO,3030404,M,,A
EST,HO,101,M,1/1/1980,T
EST,HO,404,M,4/1/1986,A
EST,HO,1616,F,10/16/1970,A
EST,HO,3030,M,12/1/1968,T
EST,HO,3131,F,3/1/1985,T
EST,HO,3737,F,4/15/1986,A
EST,HO,4242,F,11/13/1985,T
EST,HO,4848,M,4/15/1986,T
EST,HO,4949,F,7/6/1973,T
EST,HO,5656,F,2/1/1980,A
EST,HO,6464,F,9/1/1980,T
EST,HO,6565,M,7/14/1972,T
EST,HO,6868,F,11/4/1975,T
EST,HO,7070,F,12/8/1970,T
EST,HO,7474,F,5/30/1985,A
EST,HO,9696,F,2/1/1985,T
EST,HO,9999,M,2/1/1985,T
EST,HO,10908,M,4/28/1973,A
EST,HO,12322,F,9/1/1973,A
EST,HO,13029,F,10/2/1975,T
EST,HO,13534,F,9/25/1986,T
EST,HO,13635,M,,
EST,HO,13736,M,3/13/1972,A
EST,HO,13837,F,12/10/1975,T
EST,HO,13938,M,1/1/1967,T
EST,HO,14241,F,1/1/1975,T
EST,HO,579437,F,10/13/1969,T
EST,HO,579538,M,2/17/1983,T
EST,HO,808606,F,12/31/1976,T
EST,HO,808808,F,2/1/1985,T
EST,HO,812141,F,5/17/1986,A
EST,HO,817898,F,12/31/1973,T
EST,HO,818201,M,1/1/1980,T
EST,HO,818100,M,2/19/1957,T
EST,HO,810020,F,6/9/1971,T
EST,HO,820928,F,5/27/1986,T
EST,HO,819716,F,4/1/1983,T
EST,HO,818605,M,7/1/1983,T
EST,HO,818706,F,4/1/1985,T
EST,HO,819009,F,11/17/1968,A
EST,HO,821736,F,1/1/1972,T
EST,HO,817393,F,7/1/1972,T
EST,HO,810626,F,12/31/1976,T
EST,HO,823756,M,12/31/1976,A
EST,HO,824968,F,11/9/1972,A
EST,HO,822241,M,11/17/1968,T
EST,HO,826079,F,12/31/1970,T
EST,HO,826281,F,11/1/1972,T
EST,HO,826887,M,1/1/1980,T
EST,HO,824362,F,2/2/1972,T
EST,HO,824766,M,2/27/1975,T
EST,HO,810828,F,3/22/1986,T
EST,HO,819514,M,5/17/1975,A
EST,HO,825170,F,12/31/1979,A
EST,HO,819110,F,1/1/1978,T
EST,HO,824160,F,1/21/1975,T
EST,HO,578427,F,11/18/1977,T
EST,HO,817999,F,12/30/1977,A
EST,HO,818807,F,4/20/1977,T
EST,HO,819817,F,4/20/1977,T
EST,HO,823150,F,5/1/1973,A
EST,HO,215534,F,5/2/1977,T
EST,HO,121402,M,1/1/1978,T
EST,HO,121301,F,6/18/1977,A
EST,HO,121503,F,1/1/1978,T
EST,HO,124432,F,11/18/1977,A
EST,HO,124735,F,12/31/1979,T
EST,HO,124634,F,1/1/1983,A
EST,HO,116251,M,1/1/1978,T
EST,HO,117867,M,11/18/1977,T
EST,HO,119988,F,,
EST,HO,122109,F,12/31/1978,T
EST,HO,116453,F,12/31/1967,T
EST,HO,117463,M,8/2/1986,A
EST,HO,122008,F,8/16/1997,T
EST,HO,123826,F,1/1/1983,T
EST,HO,124533,F,1/1/1983,A
EST,HO,123220,F,1/1/1978,A
EST,HO,121200,F,12/31/1978,T
EST,HO,220685,M,,
EST,HO,220786,F,1/18/1980,T
EST,HO,215433,F,10/1/1970,A
EST,HO,217857,F,11/18/1977,A
EST,HO,206747,F,4/5/1981,T
EST,HO,207454,F,8/20/1981,T
EST,HO,213918,F,1/1/1971,T
EST,HO,205333,F,2/1/1983,T
EST,HO,205535,F,2/28/1984,A
EST,HO,207757,F,4/9/1979,T
EST,HO,208363,M,1/1/1987,A
EST,HO,208464,M,12/31/1976,T
EST,HO,208868,M,8/26/1987,T
EST,HO,211999,M,11/20/1984,A
EST,HO,214625,M,11/20/1984,T
EST,HO,215130,M,11/20/1984,A
EST,HO,215332,M,11/20/1984,T
EST,HO,216948,M,12/31/1987,A
EST,HO,218261,M,11/20/1984,T
EST,HO,215837,F,12/16/1987,A
EST,HO,207555,M,11/20/1984,A
EST,HO,207959,F,8/26/1987,T
EST,HO,209878,M,6/30/1987,A
EST,HO,211393,F,6/24/1988,T
EST,HO,211898,F,7/10/1987,T
EST,HO,212504,F,8/26/1987,A
EST,HO,212605,M,11/26/1987,A
EST,HO,213009,F,11/25/1987,T
EST,HO,213716,M,1/3/1988,A
EST,HO,216039,M,11/1/1991,T
EST,HO,216746,F,3/2/1988,T
EST,HO,217453,F,4/22/1988,A
EST,HO,218059,F,9/15/1977,T
EST,HO,218463,M,6/25/1970,T
EST,HO,218564,F,6/17/1976,T
EST,HO,218766,F,9/29/1988,T
EST,HO,218968,F,9/13/1989,A
EST,HO,219069,F,10/11/1988,T
EST,HO,219877,F,6/1/1980,T
EST,HO,220180,M,12/27/1988,T
EST,HO,220382,F,3/10/1988,T
EST,HO,220483,M,5/12/1989,T
EST,HO,205737,M,8/4/1989,T
EST,HO,820120,F,5/1/2000,T
EST,HO,579639,M,10/11/1989,T
EST,HO,580346,F,1/5/1989,T
EST,HO,583679,F,12/10/1990,A
EST,HO,586204,F,6/13/1991,T
EST,HO,587416,F,3/1/1971,A
EST,HO,589840,M,3/1/1985,T
EST,HO,590446,M,2/17/1983,A
EST,HO,590648,F,6/11/1971,T
EST,HO,1053430,M,8/1/1975,T
EST,HO,1053632,M,1/1/1982,T
EST,HO,1083730,F,6/24/1987,T
EST,HO,1088881,F,10/13/1983,A
EST,HO,1088982,F,9/1/1997,T
EST,HO,1089083,F,9/1/1998,T
EST,HO,1089184,F,9/1/1998,A
EST,HO,1089285,F,,A
EST,HO,1089386,M,2/1/2000,T
EST,HO,1090194,F,3/2/1999,T
EST,HO,1092113,F,7/29/1999,T
EST,HO,826180,F,2/1/2000,T
EST,HO,121604,M,4/1/2000,A
EST,HO,123018,M,5/1/2000,A
EST,HO,123422,M,5/1/2000,T
EST,HO,124331,M,5/1/2000,T
EST,HO,1058581,M,5/1/2000,T
EST,HO,1058682,M,4/1/2000,A
EST,HO,1058985,M,5/1/2000,A
EST,HO,1059591,M,4/1/2000,T
EST,HO,1059894,M,5/1/2000,A
EST,HO,1060399,M,5/1/2000,A
EST,HO,1071307,M,5/1/2000,A
EST,HO,1074135,M,5/1/2002,T
EST,HO,1074236,M,4/1/2000,A
EST,HO,1074539,F,5/1/2000,A
EST,HO,1074640,F,5/1/2000,A
EST,HO,1075448,F,5/1/2000,A
EST,HO,1075852,F,5/1/2000,A
EST,HO,1076054,F,5/1/2000,A
EST,HO,1079791,F,5/1/2000,A
EST,HO,1080902,F,,
EST,HO,1081205,F,5/1/2000,A
EST,HO,1081407,F,4/1/2000,A
EST,HO,1085851,F,5/1/2000,A
EST,HO,1086154,F,5/1/2000,A
EST,HO,1086558,M,5/1/2000,A
EST,HO,1087770,M,5/1/2000,T
EST,HO,1087871,F,5/1/2000,T
EST,HO,1092921,M,,T
EST,HO,707303,F,4/1/2000,A
EST,HO,708414,M,3/1/2001,T
EST,HO,1079387,F,2/1/2002,P
EST,HO,1079488,F,,T
EST,HO,1079589,M,3/1/2001,T
EST,HO,1088275,M,3/1/2001,T
EST,HO,1088376,M,3/1/2001,T
EST,HO,1088679,F,,T
EST,HO,1088780,F,,T
EST,HO,208161,F,4/5/2001,T
EST,HO,208767,M,4/1/2002,T
EST,HO,214928,F,,T
EST,HO,218362,M,3/1/2001,T
EST,HO,219170,M,3/1/2001,T
EST,HO,219473,F,4/24/2002,T
EST,HO,219574,F,0984-12-13 00:00:00.0000000,A
EST,HO,1054238,F,3/15/2003,A
EST,HO,1059086,F,2/1/2004,A
EST,HO,1071711,F,2/1/2004,A
EST,HO,1072115,F,2/1/2004,A
EST,HO,1072317,F,2/1/2004,A
EST,HO,1072418,F,2/1/2004,A
EST,HO,1073933,F,5/2/2005,A
EST,HO,1076256,F,5/2/2005,A
EST,HO,1081508,F,5/2/2005,A
EST,HO,1081710,F,5/2/2005,A
EST,HO,1081811,F,5/2/2005,A
EST,HO,1082114,F,5/2/2005,A
EST,HO,1082215,M,5/2/2005,A
EST,HO,1085548,F,5/2/2005,A
EST,HO,1085750,F,5/12/2005,A
EST,HO,808101,M,7/14/2005,A
EST,HO,808202,M,,A
EST,HO,811636,M,,A
EST,HO,812848,M,,A
EST,HO,812949,F,6/1/2002,A
EST,HO,814969,F,6/1/2002,A
EST,HO,815070,F,6/1/2002,A
EST,HO,816080,F,6/1/2002,A
EST,HO,816686,F,6/1/2002,A
EST,HO,816787,F,6/1/2002,A
EST,HO,817696,F,6/1/2002,A
EST,HO,818504,M,6/1/2002,A
EST,HO,819312,M,6/1/2002,A
EST,HO,820019,F,6/1/2002,A
EST,HO,820423,F,6/1/2002,A
EST,HO,821130,M,7/1/2002,I
EST,HO,824463,M,7/1/2002,I
EST,HO,824867,M,7/1/2002,I
EST,HO,827190,F,8/6/2002,A
EST,HO,827695,F,3/24/2003,A
EST,HO,1073630,F,3/24/2003,A
EST,HO,1073731,M,,A
EST,HO,1074337,F,3/24/2003,A
EST,HO,1083831,F,3/24/2003,A
EST,HO,1083932,M,3/1/2003,A
EST,HO,1084033,M,3/1/2003,A
EST,HO,6065353,M,3/1/2003,A
EST,HO,824059,F,4/29/2003,A
EST,HO,1096759,F,4/29/2003,A
EST,HO,1096860,M,5/1/2003,A
EST,HO,1096961,M,5/1/2003,A
EST,HO,1097062,M,5/1/2003,A
EST,HO,1097163,M,5/1/2003,A
EST,HO,1414,M,5/1/2003,A
EST,HO,1089689,M,5/1/2003,A
EST,HO,1094941,M,6/1/2004,A
EST,HO,1095042,M,6/1/2004,I
EST,HO,1095143,M,6/1/2004,I
EST,HO,1095244,M,,A
EST,HO,1095345,F,11/17/2004,A
EST,HO,1095446,M,11/17/2004,A
EST,HO,1095547,M,11/17/2004,A
EST,HO,1095648,M,11/17/2004,A
EST,HO,1095749,M,11/18/2004,A
EST,HO,1095850,F,11/20/2004,A
EST,HO,1095951,F,11/22/2004,A
EST,HO,1096052,F,11/22/2004,A
EST,HO,1096153,F,12/2/2004,A
EST,HO,1096254,F,12/2/2004,A
EST,HO,1096456,F,12/2/2001,A
EST,HO,1096557,F,12/2/2004,A
EST,HO,1096658,M,12/1/2004,A
EST,HO,1097264,M,12/1/2004,A
EST,HO,1097365,F,1/19/2005,A
EST,HO,1097466,F,2/7/2005,A
EST,HO,1097567,F,2/7/2005,A
EST,HO,1097668,F,2/7/2005,A
EST,HO,1097769,F,3/14/2005,A
EST,HO,1094840,F,4/20/2005,A
EST,HO,1097971,M,4/20/2005,A
EST,HO,1098072,F,4/20/2005,A
EST,HO,218665,F,4/20/2005,A
EST,HO,215231,F,4/20/2005,A
EST,HO,209171,F,4/20/2005,A
EST,HO,220281,F,4/20/2005,A
EST,HO,220584,F,4/20/2005,A
EST,HO,1072216,F,4/20/2005,A
EST,HO,1082013,F,4/20/2005,A
EST,HO,1082316,M,4/20/2005,A
EST,HO,1082619,F,5/6/2005,A
EST,HO,1083629,F,5/6/2005,A
EST,HO,124028,M,5/9/2005,A
EST,HO,116958,M,5/10/2005,A
EST,HO,119079,M,5/10/2005,A
EST,HO,123119,M,5/10/2005,A
EST,HO,1058783,M,5/10/2005,A
EST,HO,1058884,M,5/10/2005,A
EST,HO,1059793,M,5/10/2005,A
EST,HO,1060096,M,5/10/2005,A
EST,HO,1074438,F,5/10/2005,A
EST,HO,1075650,F,6/1/2005,A
EST,HO,1075751,F,6/10/2005,A
EST,HO,1075953,F,7/19/2005,A
EST,HO,1076357,M,,A
EST,HO,1080094,M,,A
EST,HO,1080195,F,,A
EST,HO,1080296,M,,A
EST,HO,1080498,M,,A
EST,HO,1083124,M,,A
EST,HO,1083528,M,,A
EST,HO,1085952,M,,A
EST,HO,1086053,M,,A
EST,LD,289365,M,12/11/1968,A
EST,LD,296536,M,12/31/1969,A
EST,LD,332593,M,8/12/1986,A
EST,LD,342188,F,3/14/1957,A
EST,LD,352793,M,11/22/1972,T
EST,LD,359661,M,3/21/1975,A
EST,LD,360671,M,3/21/1975,A
EST,LD,361782,M,3/21/1975,A
EST,LD,370771,M,5/19/1977,A
EST,LD,371175,M,4/21/1977,A
EST,LD,371781,M,5/19/1977,A
EST,LD,371882,M,4/21/1977,A
EST,LD,394405,M,8/7/1980,A
EST,LD,407838,M,5/1/1978,A
EST,LD,409959,F,3/7/1978,A
EST,LD,415514,F,10/1/1978,A
EST,LD,422988,F,6/11/1979,A
EST,LD,425109,F,10/28/1979,A
EST,LD,426422,F,7/14/1980,A
EST,LD,433391,F,2/1/1981,A
EST,LD,433492,F,1/1/1984,A
EST,LD,433795,F,2/1/1982,A
EST,LD,440966,M,6/4/1980,A
EST,LD,447430,F,12/11/1984,A
EST,LD,448440,F,2/1/1984,A
EST,LD,450864,F,11/7/1984,A
EST,LD,453086,F,9/6/1985,A
EST,LD,457429,F,7/14/1986,A
EST,LD,459146,F,2/28/1984,A
EST,LD,463994,F,8/1/1989,T
EST,LD,476114,M,11/13/1984,A
EST,LD,476619,F,5/21/1986,A
EST,LD,478033,M,3/11/1986,A
EST,LD,479043,M,5/1/1987,A
EST,LD,479144,M,11/1/1999,A
EST,LD,480760,F,1/1/1988,A
EST,LD,484800,F,12/4/1988,A
EST,LD,485002,M,4/1/1987,A
EST,LD,485103,M,4/27/1987,A
EST,LD,488436,M,3/24/1988,A
EST,LD,495506,M,8/29/1986,A
EST,LD,496112,F,11/1/1988,A
EST,LD,496213,M,11/1/1991,A
EST,LD,496314,M,12/1/1988,A
EST,LD,499748,M,2/5/1998,A
EST,LD,500354,F,8/1/1989,A
EST,LD,503889,F,8/3/1989,A
EST,LD,510151,F,7/28/1990,A
EST,LD,514595,F,2/1/1989,A
EST,LD,518332,F,3/21/1975,A
EST,LD,519241,M,6/1/1987,A
EST,LD,519835,M,3/1/1988,A
EST,LD,519746,F,5/1/1988,A
EST,LD,519847,F,12/1/1988,A
EST,LD,522877,F,8/1/1992,A
EST,LD,524291,F,6/10/1993,A
EST,LD,524897,F,1/10/1994,A
EST,LD,525806,F,9/6/1994,A
EST,LD,526109,F,11/28/1984,A
EST,LD,526311,F,1/19/1995,A
EST,LD,526412,F,12/16/1995,A
EST,LD,528533,F,9/1/2000,T
EST,LD,529846,F,9/1/1998,A
EST,LD,530048,F,9/1/1998,A
EST,LD,531159,F,1/2/1999,A
EST,LD,531664,F,8/12/1999,A
EST,LD,531967,F,11/11/1999,A
EST,LD,537724,M,2/1/2000,A
EST,LD,537825,M,2/1/2000,A
EST,LD,538128,M,2/1/2000,A
EST,LD,538633,M,2/1/2000,A
EST,LD,538835,M,2/1/2000,A
EST,LD,539239,M,2/1/2000,A
EST,LD,539340,M,2/1/2000,A
EST,LD,539441,M,2/1/2000,A
EST,LD,539643,M,2/1/2000,A
EST,LD,540047,F,2/1/2000,A
EST,LD,547824,F,6/22/2000,A
EST,LD,559237,F,2/14/2002,A
EST,LD,563075,F,4/8/2002,A
EST,LD,563277,F,4/8/2002,A
EST,LD,563378,F,4/1/2002,A
EST,LD,563479,F,4/1/2002,A
EST,LD,568327,M,,A
EST,LD,571458,F,2/20/2004,A
EST,LD,577316,F,6/13/2005,A
EST,LD,1013737,M,10/1/2002,A
EST,LD,2020707,M,,A
EST,LD,2020808,M,,A
EST,LD,2020909,M,,A
EST,LD,2021010,M,,A
EST,LD,1086356,M,3/23/1986,T
EST,LD,1086457,F,3/1/1986,A
EST,LD,1086861,F,11/30/1968,T
EST,LD,1086962,F,12/1/1968,A
EST,LD,1087164,M,4/1/1971,A
EST,LD,1087265,M,12/1/1968,A
EST,LD,1087366,F,8/20/1980,A
EST,LD,1087467,F,12/29/1970,T
EST,LD,1087568,F,11/22/1972,A
EST,LD,820827,M,11/22/1972,T
EST,LD,823958,F,2/12/1973,T
EST,LD,822746,F,8/28/1975,A
EST,LD,822039,F,8/1/1974,A
EST,LD,826382,F,3/21/1975,A
EST,LD,811838,F,3/21/1975,A
EST,LD,580245,F,3/21/1975,A
EST,LD,580447,M,3/21/1975,A
EST,LD,587113,M,3/21/1975,A
EST,LD,587315,F,3/21/1975,T
EST,LD,588123,F,1/3/1977,A
EST,LD,580043,F,1/10/1972,A
EST,LD,580548,M,11/20/1972,T
EST,LD,577619,M,5/19/1977,A
EST,LD,580649,M,5/19/1977,A
EST,LD,581053,M,3/21/1975,A
EST,LD,581659,M,5/19/1977,A
EST,LD,582467,M,5/19/1977,A
EST,LD,585093,M,5/19/1977,A
EST,LD,588426,M,8/1/1980,T
EST,LD,590547,M,11/12/1986,T
EST,LD,577922,F,10/2/1978,A
EST,LD,581558,F,10/2/1978,A
EST,LD,582871,F,5/9/1978,A
EST,LD,583578,F,6/26/1978,T
EST,LD,585396,F,2/24/1981,A
EST,LD,586305,F,6/26/1981,A
EST,LD,584689,F,10/24/1983,A
EST,LD,583477,F,12/1/1983,A
EST,LD,586608,F,12/1/1983,T
EST,LD,590244,F,12/1/1983,A
EST,LD,590345,F,11/12/1986,A
EST,LD,1083326,F,4/28/1987,A
EST,LD,577720,F,5/21/1986,A
EST,LD,578124,M,11/13/1984,T
EST,LD,578225,M,11/13/1985,T
EST,LD,578528,M,11/13/1984,T
EST,LD,581255,M,11/13/1984,A
EST,LD,808000,M,4/27/1987,T
EST,LD,808303,M,11/1/1991,A
EST,LD,808909,M,6/1/1987,A
EST,LD,814363,F,5/12/1987,A
EST,LD,580952,F,2/4/1988,A
EST,LD,815171,F,2/25/1986,P
EST,LD,817797,F,1/1/1990,T
EST,LD,827291,M,1/22/1990,T
EST,LD,811434,F,1/1/1990,T
EST,LD,577821,M,3/1/1986,T
EST,LD,579740,M,5/20/1986,A
EST,LD,808505,F,1/1/1973,A
EST,LD,808707,F,3/1/1986,T
EST,LD,815272,F,8/15/1975,T
EST,LD,818403,F,4/11/1978,A
EST,LD,821938,F,5/25/1988,A
EST,LD,822847,F,12/30/1992,T
EST,LD,823453,F,11/28/1994,A
EST,LD,825372,F,11/18/1987,T
EST,LD,825473,F,9/1/1998,T
EST,LD,827392,F,4/1/1998,T
EST,LD,827493,F,9/1/1998,A
EST,LD,827594,F,1/2/1999,A
EST,LD,1035856,M,2/1/2000,T
EST,LD,1076761,M,2/1/2000,A
EST,LD,1076862,M,2/1/2000,T
EST,LD,1076963,M,2/1/2000,A
EST,LD,1077064,M,2/1/2000,T
EST,LD,1077165,M,2/1/2000,T
EST,LD,1077266,M,2/1/2000,A
EST,LD,1077367,M,2/1/2000,A
EST,LD,1077468,M,2/1/2000,T
EST,LD,1077569,M,2/1/2000,T
EST,LD,1077670,M,2/1/2000,T
EST,LD,1077771,M,2/1/2000,T
EST,LD,1077872,F,2/1/2000,A
EST,LD,1077973,F,2/1/2000,T
EST,LD,1078074,F,2/1/2000,T
EST,LD,1078175,F,2/1/2000,A
EST,LD,1078276,F,2/1/2000,T
EST,LD,1078377,F,2/1/2000,A
EST,LD,1078478,F,2/1/2000,T
EST,LD,1078579,F,2/1/2000,T
EST,LD,1078680,F,2/1/2000,T
EST,LD,1078781,F,9/1/2000,A
EST,LD,1078882,M,11/3/2001,A
EST,LD,1079084,M,11/3/2001,A
EST,LD,1079286,M,11/3/2001,A
EST,LD,1083427,M,11/3/2001,A
EST,LD,1084134,M,11/3/2001,A
EST,LD,1084235,M,11/3/2011,A
EST,LD,1084336,M,11/3/2001,A
EST,LD,1084437,M,11/3/2001,A
EST,LD,1084538,M,11/3/2001,A
EST,LD,1084639,M,,T
EST,LD,1084740,M,,A
EST,LD,1084841,M,,T
EST,LD,1084942,M,,A
EST,LD,1085043,M,,T
EST,LD,1085144,M,,A
EST,LD,1085346,M,,T
EST,LD,707505,M,,A
EST,LD,709929,M,,T
EST,LD,579033,M,,A
EST,LD,579134,M,,A
EST,LD,116756,F,4/1/2002,T
EST,LD,117968,F,4/9/2002,T
EST,LD,120190,M,4/10/2002,T
EST,LD,121806,M,1/4/2004,T
EST,LD,122614,F,2/20/2004,T
EST,LD,122917,M,4/1/2004,T
EST,LD,123321,F,12/1/2004,A
EST,LD,123523,F,6/13/2005,A
EST,LD,123624,F,6/13/2005,A
EST,LD,123725,M,5/1/2003,A
EST,LD,123927,M,5/1/2003,A
EST,LD,1040906,M,5/1/2003,A
EST,LD,1045754,F,6/1/2002,A
EST,LD,1045855,F,6/1/2002,T
EST,LD,1045956,M,10/1/2002,A
EST,LD,1046057,M,,A
EST,LD,1046158,F,11/21/2002,A
EST,LD,1046259,M,,A
EST,LD,1046360,M,3/1/2003,A
EST,LD,1046461,M,5/1/2003,A
EST,LD,1046562,M,5/1/2003,A
EST,LD,1046663,M,6/1/2004,A
EST,LD,1046764,M,6/1/2004,A
EST,LD,1046865,M,,A
EST,LD,1047572,M,12/1/2004,A
EST,LD,1049390,M,12/1/2004,A
EST,LD,1049491,M,,A
EST,LD,1049592,M,,A
EST,LD,1049794,M,,A
EST,LD,1051208,M,,A
EST,LD,1051511,M,,A
EST,LD,1051814,M,,A
EST,LD,1051915,M,,A
EST,LD,1052218,M,,A
EST,MD,214322,M,3/18/1975,A
EST,MD,284719,F,11/2/1968,A
EST,MD,300172,M,1/1/1970,A
EST,MD,350672,M,3/18/1975,A
EST,MD,362792,M,5/12/1975,A
EST,MD,387436,M,6/1/1973,A
EST,MD,389860,M,5/8/1977,A
EST,MD,390466,M,5/18/1977,A
EST,MD,390971,M,5/18/1977,A
EST,MD,391476,M,5/18/1977,A
EST,MD,391880,M,11/17/1977,A
EST,MD,391981,M,11/17/1977,A
EST,MD,392486,M,7/8/1980,A
EST,MD,392587,M,8/1/1980,A
EST,MD,411171,M,8/16/1978,A
EST,MD,411272,M,8/16/1978,A
EST,MD,414504,M,9/13/1978,A
EST,MD,416322,M,3/31/1979,A
EST,MD,416423,M,3/31/1979,A
EST,MD,416625,M,3/31/1979,A
EST,MD,416827,M,3/31/1979,A
EST,MD,417332,M,3/31/1979,A
EST,MD,425412,F,1/5/1980,A
EST,MD,431371,F,10/5/1981,A
EST,MD,435613,F,2/1/1982,A
EST,MD,438239,F,5/28/1981,A
EST,MD,439552,F,,A
EST,MD,440865,F,2/24/1983,A
EST,MD,441471,F,10/10/1983,A
EST,MD,441774,F,12/1/1983,A
EST,MD,441875,F,12/1/1983,A
EST,MD,444501,F,10/10/1985,A
EST,MD,449349,F,5/16/1984,A
EST,MD,449551,F,3/12/1984,A
EST,MD,450258,F,10/1/1984,A
EST,MD,451773,F,2/18/1971,A
EST,MD,452985,F,9/5/1985,A
EST,MD,453894,F,2/20/1986,A
EST,MD,454399,F,5/26/1986,A
EST,MD,457833,M,9/10/1986,A
EST,MD,458742,M,11/12/1986,A
EST,MD,458944,F,2/16/1987,A
EST,MD,459045,F,4/24/1987,A
EST,MD,460863,F,5/21/1986,A
EST,MD,461772,M,11/20/1984,A
EST,MD,461974,M,11/20/1984,A
EST,MD,462277,M,11/20/1984,A
EST,MD,462378,M,11/20/1984,A
EST,MD,462984,M,11/20/1984,A
EST,MD,463287,M,11/20/1984,A
EST,MD,463792,M,4/24/1987,A
EST,MD,463994,M,4/24/1987,A
EST,MD,464095,M,4/8/1987,A
EST,MD,464903,F,4/24/1987,A
EST,MD,465509,M,4/24/1987,A
EST,MD,465812,M,5/21/1987,A
EST,MD,466317,M,5/10/1987,A
EST,MD,466822,M,11/20/1987,A
EST,MD,482679,F,10/22/1987,A
EST,MD,483184,F,11/16/1987,A
EST,MD,486921,F,6/2/1988,A
EST,MD,494193,M,10/3/1988,A
EST,MD,495001,F,1/4/1989,A
EST,MD,496415,F,11/18/1988,A
EST,MD,502576,F,5/31/1989,A
EST,MD,508333,F,2/14/1990,A
EST,MD,508737,M,9/2/1989,A
EST,MD,509343,F,4/16/1990,A
EST,MD,509646,F,6/28/1990,A
EST,MD,509747,F,6/28/1990,A
EST,MD,509848,F,7/24/1990,A
EST,MD,512272,F,12/1/1991,T
EST,MD,513181,F,6/24/1991,A
EST,MD,513383,F,8/22/1991,A
EST,MD,513787,F,9/18/1991,A
EST,MD,514090,F,10/28/1991,A
EST,MD,514292,F,4/4/1972,A
EST,MD,515605,M,3/31/1979,A
EST,MD,516211,M,12/24/1980,A
EST,MD,516817,M,3/18/1975,A
EST,MD,517524,F,2/22/1989,A
EST,MD,522372,F,7/8/1972,A
EST,MD,523079,F,9/1/1992,A
EST,MD,524089,F,,A
EST,MD,526513,F,7/5/1991,A
EST,MD,527220,F,8/20/1975,A
EST,MD,527624,F,5/21/1986,A
EST,MD,529240,F,9/1/1988,A
EST,MD,529442,F,9/1/1998,A
EST,MD,529543,F,9/1/1998,A
EST,MD,532270,F,2/1/2000,A
EST,MD,532876,F,2/1/2000,A
EST,MD,532977,F,2/1/2000,A
EST,MD,533179,F,2/1/2000,A
EST,MD,533280,F,2/1/2000,A
EST,MD,533482,F,2/1/2000,A
EST,MD,533583,F,2/1/2000,A
EST,MD,533886,F,2/1/2000,A
EST,MD,534088,M,2/1/2000,A
EST,MD,534290,F,2/1/2000,A
EST,MD,534391,F,2/1/2000,A
EST,MD,534694,F,2/1/2000,A
EST,MD,534997,F,2/1/2000,A
EST,MD,535805,F,2/1/2000,A
EST,MD,536209,F,7/1/2001,A
EST,MD,537017,M,7/1/2001,A
EST,MD,550753,F,,A
EST,MD,551258,F,7/1/2001,A
EST,MD,552066,M,7/1/2001,A
EST,MD,552874,F,1/1/2002,A
EST,MD,555197,M,7/1/2001,T
EST,MD,558833,F,,A
EST,MD,559338,F,2/20/2002,A
EST,MD,561661,M,,A
EST,MD,561762,F,4/1/2002,A
EST,MD,566408,F,6/10/2002,A
EST,MD,566610,M,6/10/2002,A
EST,MD,567216,F,6/20/2002,A
EST,MD,567519,F,6/20/2002,A
EST,MD,567620,F,6/20/2002,A
EST,MD,569034,F,11/14/2002,A
EST,MD,569135,F,12/1/2002,A
EST,MD,571256,F,4/1/2004,A
EST,MD,572165,F,4/20/2005,A
EST,MD,572367,F,4/20/2005,A
EST,MD,572468,F,4/20/2005,A
EST,MD,572670,F,4/20/2005,A
EST,MD,572771,F,4/20/2005,A
EST,MD,572872,F,4/20/2005,A
EST,MD,573276,F,4/20/2005,A
EST,MD,573478,F,4/20/2005,A
EST,MD,573579,F,4/20/2005,A
EST,MD,573680,F,4/20/2005,A
EST,MD,574185,F,4/20/2005,A
EST,MD,574387,F,4/20/2005,A
EST,MD,2020808,M,,A
EST,MD,2020909,M,,A
EST,MD,2021010,M,,A
EST,MD,2021111,M,,A
EST,MD,2021313,M,,A
EST,MD,1052319,F,,
EST,MD,1052420,F,2/17/1983,T
EST,MD,1052521,F,12/1/1968,T
EST,MD,1052622,M,3/1/1986,A
EST,MD,1055652,F,9/1/1969,A
EST,MD,1056258,F,7/5/1969,A
EST,MD,1056359,M,2/1/1973,A
EST,MD,1056460,M,11/2/1968,A
EST,MD,1056561,M,11/2/1968,A
EST,MD,1059187,M,11/2/1968,A
EST,MD,1059288,F,4/15/1971,A
EST,MD,1059389,F,4/16/1971,T
EST,MD,1059490,F,6/1/1973,A
EST,MD,1059692,M,5/17/1970,T
EST,MD,1059995,F,6/17/1970,T
EST,MD,1060197,F,6/1/1973,T
EST,MD,1060298,F,1/1/1972,A
EST,MD,578326,F,6/22/1972,T
EST,MD,707404,F,8/7/2000,T
EST,MD,707606,F,5/29/1973,A
EST,MD,707707,F,6/1/1974,A
EST,MD,707808,F,3/18/1975,A
EST,MD,708010,F,3/18/1975,T
EST,MD,708111,F,3/18/1975,A
EST,MD,708212,F,6/13/1977,T
EST,MD,708515,F,1/27/1977,A
EST,MD,708616,F,7/15/1977,A
EST,MD,708717,F,11/5/1977,T
EST,MD,708818,F,4/18/1977,A
EST,MD,1047471,F,4/18/1977,T
EST,MD,1047673,M,11/17/1977,A
EST,MD,1047774,F,1/12/1978,T
EST,MD,1047875,F,4/4/1978,A
EST,MD,1047976,F,4/7/1978,A
EST,MD,1052723,F,3/6/1978,A
EST,MD,1052824,M,3/1/1978,A
EST,MD,1052925,F,8/16/1978,A
EST,MD,1053026,M,9/13/1978,A
EST,MD,1053127,F,3/31/1979,A
EST,MD,1055450,F,1/1/2001,A
EST,MD,1055551,M,12/19/1980,A
EST,MD,1056056,M,12/17/1980,T
EST,MD,1056157,F,2/1/2001,A
EST,MD,219978,F,1/7/1982,A
EST,MD,215736,F,9/6/1989,A
EST,MD,219675,F,2/16/1983,T
EST,MD,219776,F,2/16/1983,A
EST,MD,820625,F,5/21/1987,T
EST,MD,814767,F,8/7/1992,A
EST,MD,82012,F,12/1/1983,T
EST,MD,498132,F,0200-04-05 00:00:00.0000000,T
EST,MD,809515,F,12/1/1983,T
EST,MD,811333,F,2/8/1984,A
EST,MD,814060,F,4/10/1984,T
EST,MD,815373,F,5/1/1985,A
EST,MD,816181,F,7/9/1986,A
EST,MD,816989,F,11/25/1986,A
EST,MD,817090,F,4/28/1987,A
EST,MD,818908,F,6/1/1973,A
EST,MD,819211,F,6/6/1986,T
EST,MD,819413,F,5/22/1986,A
EST,MD,819805,M,11/20/1984,A
EST,MD,819918,M,11/20/1984,T
EST,MD,820221,M,11/20/1984,T
EST,MD,820322,M,4/24/1987,T
EST,MD,820524,M,4/24/1987,T
EST,MD,820726,M,5/21/1987,T
EST,MD,821029,F,6/17/1987,A
EST,MD,821231,M,7/5/1986,A
EST,MD,821332,M,12/1/1987,T
EST,MD,821433,F,12/22/1987,A
EST,MD,821534,F,2/10/1988,A
EST,MD,821635,F,3/23/1988,A
EST,MD,821837,F,8/29/1988,A
EST,MD,1048077,F,8/29/1988,A
EST,MD,1048279,M,9/1/1988,T
EST,MD,1048481,F,9/1/1988,T
EST,MD,1048582,M,11/18/1988,T
EST,MD,1048683,M,12/9/1988,A
EST,MD,1048784,F,1/31/1989,T
EST,MD,1048885,F,1/5/1989,A
EST,MD,1048986,F,3/28/2000,T
EST,MD,1049087,F,4/7/1989,A
EST,MD,1049188,F,9/5/1989,T
EST,MD,1050097,F,10/17/1989,A
EST,MD,1050501,F,9/6/1979,A
EST,MD,1050602,F,6/1/1991,T
EST,MD,1050804,F,3/1/1986,A
EST,MD,1056763,F,6/15/1984,A
EST,MD,6065151,F,2/11/1976,T
EST,MD,6065252,F,3/9/1978,A
EST,MD,582669,F,6/11/1987,A
EST,MD,586507,M,8/2/1987,A
EST,MD,587517,F,9/1/1972,A
EST,MD,1045451,F,9/1/1998,T
EST,MD,1045552,F,9/1/1998,T
EST,MD,1053228,F,12/6/1999,T
EST,MD,1053329,F,3/6/2000,A
EST,MD,1053531,M,3/9/2000,A
EST,MD,1053733,F,2/1/2000,T
EST,MD,1053834,F,2/1/2000,T
EST,MD,1053935,F,2/1/2000,P
EST,MD,1054036,M,2/1/2000,T
EST,MD,1055349,F,2/1/2000,T
EST,MD,816888,M,2/1/2000,T
EST,MD,208565,F,2/1/2000,A
EST,MD,211292,F,2/1/2000,T
EST,MD,215029,F,7/1/2001,A
EST,MD,216342,F,2/1/2000,T
EST,MD,217352,F,6/1/2005,I
EST,MD,218160,M,7/1/2001,T
EST,MD,220079,M,5/15/2000,A
EST,MD,1047168,M,11/23/2000,T
EST,MD,1047269,F,6/1/2001,T
EST,MD,1047370,M,7/1/2001,T
EST,MD,1049895,F,7/1/2001,T
EST,MD,1051309,M,7/1/2001,T
EST,MD,1054137,M,7/1/2001,T
EST,MD,1054339,M,7/1/2001,T
EST,MD,1054440,M,7/1/2001,A
EST,MD,1054541,M,7/1/2001,T
EST,MD,1054642,M,7/1/2001,A
EST,MD,1054743,M,7/1/2002,A
EST,MD,1054844,M,,A
EST,MD,1054945,M,7/1/2002,T
EST,MD,1055046,M,7/1/2001,A
EST,MD,1055147,M,7/1/2002,A
EST,MD,1055248,M,7/1/2001,T
EST,MD,1055753,M,7/1/2001,A
EST,MD,1055854,F,7/1/2001,A
EST,MD,1055955,M,7/1/2002,T
EST,MD,1056662,M,7/1/2001,T
EST,MD,710232,F,7/1/2001,T
EST,MD,710434,F,7/1/2001,A
EST,MD,709828,M,7/1/2001,A
EST,MD,710131,M,7/1/2001,T
EST,MD,710333,F,7/1/2001,A
EST,MD,709020,F,7/1/2001,A
EST,MD,709121,F,,A
EST,MD,710030,F,7/1/2001,T
EST,MD,1083225,M,7/1/2001,T
EST,MD,1088477,M,,T
EST,MD,1088578,F,10/1/2001,A
EST,MD,1060500,F,1/1/2002,T
EST,MD,1060601,F,1/1/2002,T
EST,MD,1060702,F,3/7/2002,A
EST,MD,1060803,M,,A
EST,MD,1060904,M,1/1/2002,A
EST,MD,1061005,F,,T
EST,MD,1071206,F,3/25/2002,A
EST,MD,124129,F,6/10/2002,T
EST,MD,124230,F,6/10/2002,T
EST,MD,1071408,M,6/10/2002,T
EST,MD,1071509,M,6/20/2002,A
EST,MD,1071610,F,6/20/2002,T
EST,MD,1074741,M,6/20/2002,T
EST,MD,1074842,M,6/20/2002,T
EST,MD,1074943,F,4/20/2005,A
EST,MD,1075044,F,4/20/2005,A
EST,MD,1071812,F,4/20/2005,A
EST,MD,823554,F,4/20/2005,A
EST,MD,822140,F,4/20/2005,A
EST,MD,823352,F,4/20/2005,A
EST,MD,824665,F,4/20/2005,A
EST,MD,823049,F,4/20/2005,A
EST,MD,826988,F,4/20/2005,A
EST,MD,827089,F,4/20/2005,A
EST,MD,825877,F,4/20/2005,A
EST,MD,825776,F,4/20/2005,A
EST,MD,822645,F,4/20/2005,A
EST,MD,823251,F,6/1/2005,A
EST,MD,823655,F,6/1/2002,A
EST,MD,823857,F,5/1/2002,A
EST,MD,824261,M,,A
EST,MD,824564,M,,A
EST,MD,825069,M,,A
EST,MD,825271,M,,A
EST,MD,825574,F,5/1/2002,A
EST,MD,825675,F,5/1/2002,A
EST,MD,825978,F,5/1/2002,A
EST,MD,826584,F,5/1/2002,A
EST,MD,826685,F,5/1/2002,A
EST,MD,826786,F,5/1/2002,A
EST,MD,828099,F,5/1/2002,A
EST,MD,124836,F,5/1/2002,A
EST,MD,710535,F,5/1/2002,A
EST,MD,710636,F,5/1/2002,A
EST,MD,710737,M,,A
EST,MD,710838,F,,A
EST,MD,710939,M,9/1/2003,A
EST,MD,711040,F,,A
EST,MD,711141,M,11/10/2002,A
EST,MD,711242,M,11/10/2002,A
EST,MD,711444,M,11/10/2002,A
EST,MD,1093830,M,11/10/2002,A
EST,MD,1099991,M,11/10/2002,A
EST,MD,1098880,M,11/10/2002,A
EST,MD,1104738,M,11/10/2002,A
EST,MD,1104839,F,11/10/2002,A
EST,MD,1104940,M,,A
EST,MD,1105041,M,,A
EST,MD,1105142,M,5/1/2003,A
EST,MD,1105243,M,5/1/2003,A
EST,MD,1105344,M,5/1/2003,A
EST,MD,1105445,M,5/1/2003,A
EST,MD,1105546,M,5/1/2003,A
EST,MD,1105647,M,5/1/2004,A
EST,MD,1105748,M,6/1/2004,A
EST,MD,1106051,M,6/1/2004,A
EST,MD,1106152,M,6/1/2004,A
EST,MD,1106253,F,11/17/2004,A
EST,MD,1106354,F,11/18/2004,A
EST,MD,1106455,F,11/18/2004,A
EST,MD,827796,F,11/19/2004,A
EST,MD,827897,F,11/19/2004,A
EST,MD,827998,F,11/21/2004,A
EST,MD,828200,F,11/22/2004,A
EST,MD,828402,F,11/22/2004,A
EST,MD,828503,F,11/22/2004,A
EST,MD,828604,F,11/23/2004,A
EST,MD,828705,F,12/2/2004,A
EST,MD,828806,F,12/6/2004,A
EST,MD,828907,F,12/7/2004,A
EST,MD,829008,M,12/1/2004,A
EST,MD,1091103,M,12/1/2004,A
EST,MD,1093426,M,12/1/2004,A
EST,MD,1093931,F,1/5/2005,A
EST,MD,1098274,M,2/1/2005,A
EST,MD,1098375,M,,A
EST,MD,1098476,M,,A
EST,MD,1098678,M,,A
EST,MD,1098779,M,,A
EST,MD,1098981,M,,A
EST,MD,124937,M,,A
EST,MD,125038,M,,A
EST,MD,125139,F,,A
EST,MD,125240,M,,A
EST,ST,42723,F,2/1/1986,A
EST,ST,46763,F,2/1/1967,A
EST,ST,65852,M,11/15/1977,A
EST,ST,66256,M,11/15/1977,T
EST,ST,68579,F,9/1/1977,A
EST,ST,69589,M,11/15/1977,T
EST,ST,69993,F,2/1/1977,A
EST,ST,71205,F,12/1/1977,A
EST,ST,71710,M,12/1/1977,T
EST,ST,72821,M,2/1/1978,A
EST,ST,72922,M,2/1/1978,A
EST,ST,73730,M,11/15/1979,A
EST,ST,79083,F,7/8/1980,A
EST,ST,79184,M,7/8/1980,A
EST,ST,79386,M,1/1/1980,A
EST,ST,79487,F,1/1/1980,A
EST,ST,79588,M,1/1/1988,A
EST,ST,81709,F,1/1/1978,A
EST,ST,84032,F,1/1/1981,T
EST,ST,85042,M,10/1/1981,A
EST,ST,85446,F,10/1/1981,A
EST,ST,85951,M,10/1/1981,A
EST,ST,86254,M,10/1/1981,A
EST,ST,88072,F,12/1/1981,A
EST,ST,88173,F,1/1/1983,A
EST,ST,89284,F,12/3/1982,A
EST,ST,89587,F,4/7/1983,A
EST,ST,90193,F,9/1/1983,A
EST,ST,91304,F,7/1/1984,A
EST,ST,92112,F,1/1/1985,T
EST,ST,92314,M,1/1/1985,T
EST,ST,93425,F,1/1/1985,A
EST,ST,93829,F,1/1/1985,T
EST,ST,95041,F,8/7/1987,A
EST,ST,95647,F,9/1/1988,T
EST,ST,96354,F,2/1/1989,A
EST,ST,96859,M,2/1/1989,A
EST,ST,97566,M,3/1/1989,A
EST,ST,97970,F,7/1/1989,A
EST,ST,98071,F,7/1/1989,A
EST,ST,98273,M,7/1/1989,A
EST,ST,99182,M,8/1/1989,A
EST,ST,99283,M,9/1/1989,A
EST,ST,99586,F,11/1/1989,A
EST,ST,99788,F,12/8/1986,A
EST,ST,99990,F,1/1/1990,A
EST,ST,100091,M,1/1/1988,A
EST,ST,100192,M,5/1/1987,A
EST,ST,101707,M,12/1/1989,A
EST,ST,101808,M,12/1/1989,A
EST,ST,102212,F,5/1/1987,A
EST,ST,102313,F,1/1/1989,A
EST,ST,102818,F,2/18/1988,A
EST,ST,103626,F,12/7/1988,A
EST,ST,103828,F,1/1/1989,A
EST,ST,104333,F,6/9/1989,A
EST,ST,104535,F,6/1/1989,A
EST,ST,104838,F,6/1/1989,A
EST,ST,104939,F,5/11/1991,A
EST,ST,105848,M,1/1/1984,A
EST,ST,105949,F,1/1/1984,A
EST,ST,106252,F,1/1/1984,A
EST,ST,106656,M,1/1/1984,A
EST,ST,106757,F,1/1/1984,A
EST,ST,107060,M,1/1/1984,A
EST,ST,107161,F,2/1/1984,A
EST,ST,107262,M,1/1/1984,A
EST,ST,107363,F,1/1/1984,A
EST,ST,107666,F,1/1/1984,A
EST,ST,107767,F,1/1/1984,A
EST,ST,108070,F,1/1/1993,A
EST,ST,108171,M,6/1/1987,A
EST,ST,108676,F,5/1/1994,A
EST,ST,108979,F,12/18/1995,A
EST,ST,109181,F,9/10/1998,A
EST,ST,109282,F,9/10/1998,A
EST,ST,109383,F,10/1/1998,A
EST,ST,109787,F,7/19/1999,A
EST,ST,109888,M,12/1/1989,A
EST,ST,109989,M,2/1/2000,A
EST,ST,110090,M,2/1/2000,A
EST,ST,110393,M,2/1/2000,A
EST,ST,110797,F,2/1/2000,A
EST,ST,111100,M,2/1/2000,A
EST,ST,111201,M,2/1/2000,A
EST,ST,111504,M,2/1/2000,A
EST,ST,111605,F,2/1/2000,T
EST,ST,111908,M,2/1/2000,A
EST,ST,112110,F,2/1/2000,A
EST,ST,112413,F,2/1/2000,A
EST,ST,112514,F,2/1/2000,A
EST,ST,112615,F,2/1/2000,A
EST,ST,112716,F,2/1/2000,A
EST,ST,113120,M,2/1/2000,A
EST,ST,113221,M,2/1/2000,A
EST,ST,113322,M,2/1/2000,A
EST,ST,113423,M,2/1/2000,A
EST,ST,113625,M,,A
EST,ST,113726,M,2/1/2000,A
EST,ST,113827,F,11/1/2001,A
EST,ST,113928,F,11/1/2001,A
EST,ST,114029,F,11/1/2001,A
EST,ST,116352,F,1/8/2002,T
EST,ST,116857,F,1/8/2002,T
EST,ST,117160,F,1/8/2002,A
EST,ST,117261,F,1/8/2002,A
EST,ST,117362,F,1/8/2002,A
EST,ST,117766,F,1/8/2002,T
EST,ST,118574,M,2/1/2000,T
EST,ST,118675,F,10/1/2001,T
EST,ST,118877,M,11/1/2001,A
EST,ST,118978,M,11/30/2002,A
EST,ST,119281,M,11/1/2001,A
EST,ST,119382,M,11/1/2001,A
EST,ST,119483,M,11/1/2001,A
EST,ST,119685,M,11/1/2001,A
EST,ST,119887,M,11/1/2001,A
EST,ST,120089,M,11/1/2001,A
EST,ST,120291,M,11/1/2001,A
EST,ST,120392,M,11/1/2001,A
EST,ST,120594,M,11/1/2001,A
EST,ST,120695,F,11/1/2001,T
EST,ST,120796,M,11/1/2001,A
EST,ST,120897,F,11/1/2001,A
EST,ST,121099,F,11/1/2001,A
EST,ST,204929,F,12/1/2003,A
EST,ST,205131,F,5/19/2005,A
EST,ST,205232,F,5/19/2005,A
EST,ST,505101,M,,A
EST,ST,505202,M,,A
EST,ST,505505,M,,A
EST,ST,505606,F,,A
EST,ST,505707,M,,A
EST,ST,125341,F,11/15/1979,T
EST,ST,125442,M,12/10/1975,T
EST,ST,125543,M,7/1/1980,A
EST,ST,125644,M,7/1/1980,T
EST,ST,125745,M,7/1/1980,A
EST,ST,125846,M,1/8/1980,T
EST,ST,590749,F,1/26/1985,A
EST,ST,590850,M,12/1/1985,T
EST,ST,590951,M,1/22/1986,T
EST,ST,591052,M,2/1/1986,A
EST,ST,591153,M,2/1/1967,A
EST,ST,591254,M,2/1/1986,T
EST,ST,591355,F,2/1/1967,T
EST,ST,591456,F,9/14/1967,T
EST,ST,591557,F,10/12/1967,T
EST,ST,591658,F,7/23/1970,T
EST,ST,220988,F,6/1/1970,A
EST,ST,221089,F,3/3/1971,A
EST,ST,221190,F,3/3/1971,T
EST,ST,221291,F,5/23/1973,T
EST,ST,221392,F,9/23/1976,A
EST,ST,221493,M,11/15/1977,A
EST,ST,221594,F,11/15/1977,A
EST,ST,1075549,M,11/15/1977,A
EST,ST,1076155,F,11/15/1977,T
EST,ST,1092719,F,12/1/1977,A
EST,ST,1103425,M,12/1/1977,A
EST,ST,1099082,M,3/1/1978,T
EST,ST,1099284,F,3/30/1978,A
EST,ST,1088174,F,1/1/1979,A
EST,ST,1092618,M,4/1/1979,T
EST,ST,1093022,F,11/15/1975,A
EST,ST,1089487,F,1/1/1980,A
EST,ST,1089588,F,9/1/1988,A
EST,ST,1089790,F,4/1/1980,A
EST,ST,1089891,M,9/1/1988,A
EST,ST,1089992,F,10/1/1981,A
EST,ST,1090093,M,4/16/1981,T
EST,ST,1090295,F,9/1/1981,A
EST,ST,1090497,F,11/1/1983,A
EST,ST,1090598,F,7/1/1984,T
EST,ST,1092416,F,1/1/1985,A
EST,ST,1093123,F,1/1/1985,T
EST,ST,1092214,M,2/13/1985,A
EST,ST,1092517,F,2/15/1986,A
EST,ST,1093527,F,8/31/1987,T
EST,ST,1093628,M,2/1/1989,A
EST,ST,1092820,F,3/1/1989,A
EST,ST,1093224,F,8/1/1989,A
EST,ST,1093325,M,8/1/1989,A
EST,ST,1076559,M,5/1/1987,T
EST,ST,1076660,M,2/1/1989,T
EST,ST,1103324,F,5/1/1987,T
EST,ST,74134,F,3/8/1988,A
EST,ST,708313,F,3/10/1988,A
EST,ST,815575,F,3/10/1988,A
EST,ST,118473,F,12/7/1988,T
EST,ST,207252,F,3/1/1989,A
EST,ST,209070,F,6/9/1989,A
EST,ST,211090,F,3/1/1988,A
EST,ST,211696,F,4/1/1992,A
EST,ST,212403,M,4/8/1980,T
EST,ST,212908,F,1/1/1984,A
EST,ST,217150,F,3/1/1990,T
EST,ST,217756,F,7/20/1987,A
EST,ST,217958,F,6/1/1978,A
EST,ST,583073,F,2/1/1983,A
EST,ST,583275,F,6/11/1993,A
EST,ST,586810,F,3/21/1994,A
EST,ST,587012,F,10/16/1996,A
EST,ST,587719,F,9/10/1998,T
EST,ST,588527,F,9/10/1998,A
EST,ST,588729,F,2/1/2000,A
EST,ST,590042,M,2/1/2000,A
EST,ST,590143,F,2/1/2000,T
EST,ST,810222,F,2/1/2000,T
EST,ST,812040,F,2/1/2000,A
EST,ST,814868,F,2/1/2000,A
EST,ST,815474,M,2/1/2000,A
EST,ST,816585,F,2/1/2000,A
EST,ST,817292,F,1/1/2000,T
EST,ST,817595,M,2/1/2000,A
EST,ST,1073832,F,2/1/2000,A
EST,ST,1088073,M,2/1/2000,A
EST,ST,1091204,M,1/8/2002,T
EST,ST,1091709,F,11/1/2001,A
EST,ST,1091305,F,1/8/2002,A
EST,ST,1091608,M,11/1/2001,A
EST,ST,1091911,M,11/1/2001,T
EST,ST,1091002,M,11/1/2001,A
EST,ST,1091507,M,11/1/2001,A
EST,ST,1090699,F,11/1/2001,T
EST,ST,1090800,F,1/8/2002,A
EST,ST,1090901,F,1/8/2002,A
EST,ST,1091406,F,1/8/2002,T
EST,ST,1092012,M,1/8/2002,T
EST,ST,1078983,F,1/8/2002,A
EST,ST,1092315,F,1/8/2002,T
EST,ST,1098577,F,11/23/2001,T
EST,ST,1099183,F,11/27/2001,T
EST,ST,1099688,M,1/8/2002,T
EST,ST,1100092,F,1/8/2002,T
EST,ST,1101102,F,1/8/2002,T
EST,ST,1101607,F,1/8/2002,T
EST,ST,1101708,M,1/8/2002,T
EST,ST,1102011,F,1/8/2002,T
EST,ST,1102516,M,1/8/2002,T
EST,ST,1103223,F,1/8/2002,T
EST,ST,1099587,M,1/8/2002,T
EST,ST,1100496,M,1/8/2002,T
EST,ST,1101001,M,1/8/2002,T
EST,ST,1101506,M,1/8/2002,T
EST,ST,1102415,M,1/8/2002,T
EST,ST,1103122,F,1/8/2002,T
EST,ST,1100193,F,1/8/2002,T
EST,ST,1100698,F,2/1/2002,T
EST,ST,1101203,F,11/18/1998,T
EST,ST,1102718,F,2/1/2005,A
EST,ST,1102920,M,,A
EST,ST,1099486,M,,A
EST,ST,1099890,M,5/1/2003,A
EST,ST,1100395,M,5/1/2003,A
EST,ST,1100900,M,5/1/2003,A
EST,ST,1101405,M,5/1/2003,A
EST,ST,1101910,M,,A
EST,ST,1102314,F,,A
EST,ST,1102617,M,,A
EST,ST,1102819,M,5/1/2003,A
EST,ST,1103021,M,5/1/2003,A
EST,ST,1099385,M,6/1/2004,A
EST,ST,1099789,M,6/1/2004,A
EST,ST,1100294,F,11/19/2004,A
EST,ST,1100799,F,11/19/2004,A
EST,ST,1101304,F,11/19/2004,A
EST,ST,1101809,F,11/19/2004,A
EST,ST,1102112,F,11/19/2004,A
EST,ST,1102213,F,11/19/2004,A
EST,ST,1100597,F,11/19/2004,A
EST,ST,1079993,M,12/4/2004,A
EST,ST,1098173,F,12/9/2004,A
EST,ST,1083023,M,12/1/2004,A
EST,ST,435310,M,12/1/2004,A
EST,ST,462681,M,12/1/2004,A
EST,ST,462883,F,1/18/2005,A
EST,ST,463186,F,1/10/2005,A
EST,ST,465206,F,2/1/2005,A
EST,ST,482780,F,4/1/2005,A
EST,ST,516514,M,4/4/2005,A
EST,ST,525907,F,4/22/2005,A
EST,ST,1075145,F,4/25/2005,A
EST,ST,1075246,M,5/1/2005,A
EST,ST,1075347,M,5/10/2005,A
EST,ST,1065954,M,5/16/2005,A
EST,ST,1080599,M,5/16/2005,A
EST,ST,1080700,M,5/17/2005,A
EST,ST,1080801,F,6/1/2005,A
EST,ST,1086255,F,6/1/2005,A
EST,ST,1086659,F,6/1/2005,A
EST,ST,1086760,M,6/1/2005,A
EST,ST,1087063,M,6/1/2005,A
EST,ST,1081609,F,6/1/2005,A
EST,ST,1081912,M,6/2/2005,A
EST,ST,1082417,M,6/2/2005,A
EST,ST,1082518,M,6/2/2005,A
EST,ST,1082720,M,6/2/2005,A
EST,ST,1082821,M,6/2/2005,A
EST,ST,1082922,M,6/2/2005,A
EST,ST,1079690,F,6/1/2005,A
EST,ST,1079892,M,6/7/2005,A
EST,ST,1080397,M,6/13/2005,A
EST,ST,1081003,M,6/16/2005,A
EST,ST,1081104,M,6/2/2005,A
EST,ST,1081306,M,,A
EST,ST,1079185,M,,A
EST,ST,1076458,M,,A
EST,ST,1085245,F,,A
EST,ST,1085447,F,,A
EST,ST,1085649,M,,A
EST,ST,1093729,M,,A
EST,ST,1096355,M,,A
EST,ST,1094133,M,,A
EST,ST,1105849,M,,A
EST,ST,1105950,M,,A
EST,ST,826483,M,,A
EST,ST,1087669,M,,A
EST,UD,95647,F,10/14/1980,A
EST,UD,109383,M,2/22/1957,P
EST,UD,110797,M,3/14/1957,P
EST,UD,111908,F,4/7/1980,T
EST,UD,280780,M,4/15/1971,A
EST,UD,300374,M,6/1/1973,A
EST,UD,300475,M,6/1/1973,A
EST,UD,301384,F,6/1/1979,A
EST,UD,302394,F,6/1/1973,A
EST,UD,310979,F,6/1/1973,A
EST,UD,333502,F,1/11/1973,A
EST,UD,352692,M,1/1/1979,A
EST,UD,352793,M,1/1/1979,A
EST,UD,353096,M,1/1/1979,A
EST,UD,353298,M,3/13/1975,A
EST,UD,354712,M,1/1/1979,A
EST,UD,362186,M,1/1/1979,A
EST,UD,363499,M,1/1/1979,A
EST,UD,378548,M,1/1/1979,A
EST,UD,378851,M,1/1/1979,A
EST,UD,378952,M,1/1/1979,A
EST,UD,395920,M,11/16/1977,A
EST,UD,396122,M,6/1/1981,A
EST,UD,396324,M,11/16/1977,A
EST,UD,396829,F,11/16/1977,A
EST,UD,397637,M,6/1/1981,A
EST,UD,398344,F,8/1/1980,A
EST,UD,398546,F,7/1/1978,A
EST,UD,398748,F,8/1/1980,A
EST,UD,413090,F,1/22/1978,A
EST,UD,417837,M,3/31/1979,A
EST,UD,418443,F,6/1/1981,A
EST,UD,419049,F,3/31/1979,A
EST,UD,419865,M,3/31/1979,A
EST,UD,420160,M,8/1/1980,A
EST,UD,420564,F,12/16/1982,A
EST,UD,421978,F,3/31/1979,A
EST,UD,424099,F,1/5/1979,A
EST,UD,425614,F,2/20/1980,A
EST,UD,430260,F,6/29/1981,A
EST,UD,432482,M,1/18/1982,A
EST,UD,439047,F,4/3/1985,A
EST,UD,439552,F,10/29/1982,T
EST,UD,439956,F,3/31/1983,A
EST,UD,444703,F,12/1/1983,A
EST,UD,445208,F,12/1/1983,A
EST,UD,445713,F,10/6/1983,A
EST,UD,447935,F,2/6/1984,A
EST,UD,448238,F,5/17/1984,A
EST,UD,449955,M,10/13/1984,A
EST,UD,451167,F,11/12/1984,A
EST,UD,452177,F,1/4/1985,A
EST,UD,453490,F,11/1/1985,A
EST,UD,453591,M,9/30/1985,A
EST,UD,454601,F,3/5/1986,A
EST,UD,454702,F,12/1/1985,A
EST,UD,454904,F,2/20/1986,A
EST,UD,455813,M,11/15/1984,A
EST,UD,456015,M,10/13/1984,A
EST,UD,457732,F,8/25/1986,A
EST,UD,458136,F,10/22/1986,A
EST,UD,458237,F,10/22/1986,A
EST,UD,459449,F,4/30/1984,A
EST,UD,459550,F,4/30/1986,A
EST,UD,464499,F,4/24/1987,A
EST,UD,467125,M,5/26/1996,T
EST,UD,467327,M,10/13/1984,A
EST,UD,467832,M,10/13/1984,A
EST,UD,468034,M,10/13/1984,A
EST,UD,468236,M,10/13/1986,A
EST,UD,468842,M,10/13/1984,A
EST,UD,469044,M,10/18/1984,A
EST,UD,469145,M,10/13/1984,A
EST,UD,469448,M,10/13/1984,A
EST,UD,469549,M,10/13/1984,A
EST,UD,469751,M,10/13/1984,A
EST,UD,471771,M,3/1/1987,A
EST,UD,472175,M,5/10/1987,A
EST,UD,472478,M,5/1/1987,A
EST,UD,472579,M,5/1/1987,A
EST,UD,473286,M,5/1/1987,A
EST,UD,474296,M,5/10/1987,A
EST,UD,474599,F,5/1/1987,A
EST,UD,474902,F,5/10/1987,A
EST,UD,475104,F,5/1/1987,A
EST,UD,475407,F,5/10/1987,A
EST,UD,480053,M,10/1/1987,A
EST,UD,480154,F,10/28/1987,A
EST,UD,480255,M,7/1/1987,A
EST,UD,480356,M,10/20/1987,A
EST,UD,480457,F,11/16/1987,A
EST,UD,480861,F,11/23/1987,A
EST,UD,480962,F,11/1/1987,A
EST,UD,481164,M,12/1/1987,A
EST,UD,481568,M,12/10/1987,A
EST,UD,481770,M,12/1/1987,A
EST,UD,484194,F,1/1/1988,A
EST,UD,484598,F,2/1/1988,A
EST,UD,485305,F,11/19/1987,A
EST,UD,485406,F,2/1/1988,A
EST,UD,486820,F,5/13/1988,A
EST,UD,489749,F,11/20/1984,A
EST,UD,489951,F,11/6/1988,A
EST,UD,490153,F,8/25/1988,A
EST,UD,490456,M,8/31/1988,A
EST,UD,491365,M,12/12/1988,A
EST,UD,491567,M,9/1/1988,A
EST,UD,492375,M,11/16/1988,A
EST,UD,492678,F,11/1/1988,A
EST,UD,492880,F,11/30/1988,A
EST,UD,497223,F,3/2/1989,A
EST,UD,499445,F,3/30/1989,A
EST,UD,500556,F,5/25/1989,A
EST,UD,500758,M,3/31/1989,A
EST,UD,500960,F,5/31/1989,A
EST,UD,504293,F,9/30/1989,A
EST,UD,504899,F,8/29/1989,A
EST,UD,506616,M,10/1/1989,A
EST,UD,507828,F,9/1/1989,A
EST,UD,507929,F,1/24/1990,A
EST,UD,510252,F,10/10/1989,A
EST,UD,511363,F,9/14/1990,A
EST,UD,511464,F,9/19/1990,A
EST,UD,511565,M,5/1/1990,A
EST,UD,511969,F,9/12/1990,A
EST,UD,512171,F,4/24/1987,A
EST,UD,512272,F,7/5/1990,A
EST,UD,512373,F,12/16/1990,A
EST,UD,512474,F,12/12/1990,A
EST,UD,513888,F,9/20/1991,A
EST,UD,515302,F,2/1/1992,A
EST,UD,515403,F,7/1/1992,A
EST,UD,520655,M,1/1/1979,A
EST,UD,520756,M,4/15/1971,A
EST,UD,521059,F,11/26/1981,A
EST,UD,521160,F,5/17/1984,A
EST,UD,521867,F,10/18/1975,A
EST,UD,524493,F,10/8/1993,A
EST,UD,524695,F,1/5/1994,A
EST,UD,524796,F,1/5/1994,A
EST,UD,525099,F,1/24/1994,A
EST,UD,525200,F,2/22/1994,A
EST,UD,525301,F,1/24/1994,A
EST,UD,525402,F,7/11/1994,A
EST,UD,525503,F,9/5/1994,A
EST,UD,525604,F,9/5/1994,A
EST,UD,525705,F,9/5/1994,A
EST,UD,526816,F,10/9/1995,A
EST,UD,527321,F,6/17/1996,A
EST,UD,527523,F,7/1/1996,A
EST,UD,527826,F,1/10/1997,A
EST,UD,527927,M,5/2/1977,A
EST,UD,528533,F,3/1/1995,A
EST,UD,530351,F,9/1/1998,A
EST,UD,530553,F,9/1/1998,A
EST,UD,530856,F,9/1/1998,A
EST,UD,530957,F,9/1/1998,A
EST,UD,531058,F,11/9/1998,A
EST,UD,531462,F,5/18/1999,A
EST,UD,531563,F,7/21/1999,A
EST,UD,532472,F,2/1/2000,A
EST,UD,536209,F,5/1/2005,A
EST,UD,541764,M,2/1/2000,A
EST,UD,541865,M,2/1/2000,A
EST,UD,542168,M,2/1/2000,A
EST,UD,542370,M,2/1/2000,A
EST,UD,542471,M,2/1/2000,A
EST,UD,542572,M,2/1/2000,A
EST,UD,542875,M,2/1/2000,A
EST,UD,543380,F,2/1/2000,A
EST,UD,543481,F,2/1/2000,A
EST,UD,543683,M,2/1/2000,A
EST,UD,543784,F,2/1/2000,A
EST,UD,543986,M,2/1/2000,A
EST,UD,544188,F,2/1/2000,A
EST,UD,544390,F,2/1/2000,A
EST,UD,544693,M,2/1/2000,A
EST,UD,545198,F,1/1/2000,A
EST,UD,545400,F,2/1/2000,A
EST,UD,545602,M,2/1/2000,A
EST,UD,545804,M,2/1/2000,A
EST,UD,546814,F,2/1/2000,A
EST,UD,547117,F,2/1/2000,A
EST,UD,547218,F,2/1/2000,A
EST,UD,547420,F,2/1/2000,A
EST,UD,547521,M,2/1/2000,A
EST,UD,547925,F,6/1/2000,A
EST,UD,548026,M,6/1/2000,A
EST,UD,548127,F,6/1/2000,A
EST,UD,548531,M,6/1/2000,A
EST,UD,549642,M,3/10/2001,A
EST,UD,550147,M,3/10/2001,A
EST,UD,554995,F,8/1/2000,A
EST,UD,555096,F,8/1/2000,A
EST,UD,555197,M,8/1/2000,A
EST,UD,557419,F,10/1/2001,A
EST,UD,564792,F,6/1/2002,A
EST,UD,566004,M,6/1/2002,A
EST,UD,568630,F,9/1/2002,A
EST,UD,568731,F,9/1/2002,A
EST,UD,568832,F,9/1/2002,A
EST,UD,568933,F,9/1/2002,A
EST,UD,569236,M,12/12/2002,A
EST,UD,569741,M,4/17/2003,A
EST,UD,569842,F,6/23/2003,A
EST,UD,570852,F,1/1/2003,A
EST,UD,570953,F,1/12/2004,A
EST,UD,574488,F,5/1/2005,A
EST,UD,574791,F,5/1/2005,A
EST,UD,574892,F,5/1/2005,A
EST,UD,574993,F,5/1/2005,A
EST,UD,575195,F,5/1/2005,A
EST,UD,575498,F,5/1/2005,A
EST,UD,575599,F,5/1/2005,A
EST,UD,576104,F,5/1/2005,A
EST,UD,576205,F,5/1/2005,A
EST,UD,576710,F,6/1/2005,A
EST,UD,1014747,F,11/15/2002,A
EST,UD,1016464,F,2/1/2003,A
EST,UD,1016666,F,4/1/2003,A
EST,UD,1017171,F,2/1/2003,A
EST,UD,1018181,M,3/31/2003,A
EST,UD,1018888,F,4/29/2003,A
EST,UD,1019191,F,4/29/2003,A
EST,UD,1019292,F,4/29/2003,A
EST,UD,6062121,M,,A
EST,UD,6062626,M,,A
EST,UD,6063030,M,,A
EST,UD,6063131,M,,A
EST,UD,6063232,M,,A
EST,UD,1087972,F,4/10/1989,A
EST,UD,1091810,F,2/2/1980,T
EST,UD,1094537,M,3/5/1975,T
EST,UD,1094032,M,1/1/1980,T
EST,UD,1094234,M,1/1/1980,P
EST,UD,1094739,M,5/1/1980,P
EST,UD,1094436,M,5/1/1980,P
EST,UD,1094335,M,3/1/1985,A
EST,UD,1071913,M,3/1/1985,A
EST,UD,1072014,M,3/1/1985,A
EST,UD,1072519,F,3/1/1985,T
EST,UD,709222,F,6/19/1985,T
EST,UD,709323,M,2/17/1983,T
EST,UD,709424,F,12/12/1985,T
EST,UD,709525,F,2/26/1983,T
EST,UD,709626,M,1/1/1985,T
EST,UD,709727,M,1/1/1968,T
EST,UD,822342,M,1/1/1968,T
EST,UD,822544,F,7/28/1986,T
EST,UD,822948,F,7/2/1967,T
EST,UD,1074034,F,8/8/1967,T
EST,UD,419655,F,4/15/1971,A
EST,UD,819615,F,4/15/1971,T
EST,UD,519645,M,4/15/1971,A
EST,UD,277851,M,4/15/1971,A
EST,UD,278154,M,4/15/1971,A
EST,UD,278457,M,4/15/1971,A
EST,UD,278962,M,4/15/1971,T
EST,UD,279164,F,4/15/1971,A
EST,UD,279568,M,3/1/1995,A
EST,UD,280982,M,4/15/1971,T
EST,UD,293708,F,4/17/1969,T
EST,UD,299768,M,6/1/1973,A
EST,UD,299869,M,6/1/1973,A
EST,UD,301283,F,6/1/1973,T
EST,UD,301586,F,8/15/1973,T
EST,UD,301788,F,6/1/1973,A
EST,UD,302495,F,8/1/1974,T
EST,UD,305222,F,3/4/1970,T
EST,UD,309969,M,1/1/1979,T
EST,UD,320170,F,3/23/1972,P
EST,UD,320473,M,1/1/1979,T
EST,UD,321988,F,6/12/1972,T
EST,UD,327745,F,10/31/1972,T
EST,UD,333906,F,3/2/1976,T
EST,UD,335118,F,5/8/1973,A
EST,UD,342794,F,9/25/1973,A
EST,UD,343804,F,2/12/1994,P
EST,UD,345521,F,9/1/1974,T
EST,UD,346632,F,1/1/1979,A
EST,UD,348248,M,1/1/1979,T
EST,UD,353904,F,1/11/1978,A
EST,UD,354813,M,1/1/1979,A
EST,UD,355217,F,1/1/1979,A
EST,UD,362994,M,1/1/1979,T
EST,UD,364913,M,1/1/1979,T
EST,UD,365317,F,8/18/1975,T
EST,UD,366630,F,8/19/1972,A
EST,UD,367842,F,1/1/1979,A
EST,UD,368448,F,1/1/1979,A
EST,UD,369660,F,3/16/1976,A
EST,UD,369862,F,1/5/1979,A
EST,UD,373498,F,8/1/1980,A
EST,UD,374508,F,8/1/1980,A
EST,UD,377841,M,1/1/1979,A
EST,UD,378043,M,4/5/1971,T
EST,UD,379053,M,1/1/1979,T
EST,UD,396223,M,,T
EST,UD,397738,F,11/16/1977,A
EST,UD,398849,M,11/16/1977,T
EST,UD,400061,F,10/27/1977,A
EST,UD,405818,F,1/1/1979,A
EST,UD,406121,F,9/1/1984,T
EST,UD,410464,F,2/20/1980,T
EST,UD,410565,F,5/11/1978,A
EST,UD,410666,F,5/15/1978,A
EST,UD,412484,F,10/2/1978,T
EST,UD,417736,M,1/1/1983,T
EST,UD,419453,F,1/1/1983,T
EST,UD,419857,F,3/31/1979,A
EST,UD,420766,F,,T
EST,UD,424503,F,6/23/1979,A
EST,UD,425008,F,6/1/1981,A
EST,UD,425715,F,4/15/1971,P
EST,UD,426018,F,5/15/1980,A
EST,UD,426523,F,4/17/1969,T
EST,UD,428341,F,5/26/1981,T
EST,UD,429250,M,2/14/1981,T
EST,UD,429856,F,8/10/1981,T
EST,UD,430058,F,2/12/1981,A
EST,UD,436118,F,8/9/1984,A
EST,UD,436421,F,12/3/1980,T
EST,UD,437128,F,2/10/1982,A
EST,UD,437229,F,1/1/1983,A
EST,UD,439855,F,3/26/1983,A
EST,UD,440057,F,2/23/1983,A
EST,UD,443188,F,8/1/1980,T
EST,UD,443592,F,1/1/1983,A
EST,UD,443895,F,12/1/1983,A
EST,UD,445511,M,10/14/1983,A
EST,UD,445612,F,10/16/1983,T
EST,UD,445814,F,9/12/1983,T
EST,UD,446521,F,1/1/1983,A
EST,UD,448036,F,2/8/1984,A
EST,UD,451066,F,12/14/1984,A
EST,UD,451268,F,11/22/1984,T
EST,UD,451369,F,12/13/1984,T
EST,UD,452379,F,12/1/1983,A
EST,UD,452581,F,6/26/1985,A
EST,UD,452884,F,1/30/1985,T
EST,UD,453187,F,1/4/1985,T
EST,UD,454500,F,6/17/1986,T
EST,UD,454803,F,3/5/1986,T
EST,UD,455005,F,1/3/1986,A
EST,UD,456419,F,3/3/1986,T
EST,UD,460156,F,5/25/1989,T
EST,UD,467630,M,10/13/1984,A
EST,UD,467933,M,10/13/1984,A
EST,UD,468135,F,10/12/1984,A
EST,UD,468337,M,10/13/1984,T
EST,UD,468539,M,10/13/1984,T
EST,UD,469246,M,10/13/1984,A
EST,UD,470458,F,5/22/1986,A
EST,UD,470862,F,5/22/1986,T
EST,UD,471165,F,3/1/1987,A
EST,UD,471872,M,9/1/1988,T
EST,UD,471973,F,2/1/1988,A
EST,UD,472781,M,5/10/1987,T
EST,UD,472983,M,5/10/1987,T
EST,UD,473185,M,5/10/1987,T
EST,UD,473488,M,5/10/1987,A
EST,UD,473791,M,6/1/1987,A
EST,UD,473993,M,5/1/1987,T
EST,UD,474397,F,10/8/1988,A
EST,UD,474498,F,5/1/1987,A
EST,UD,481265,M,5/10/1987,A
EST,UD,481669,M,12/1/1987,A
EST,UD,484295,F,1/10/1988,P
EST,UD,484497,F,2/1/1988,A
EST,UD,485709,M,3/8/1988,A
EST,UD,489850,F,11/10/1987,A
EST,UD,490052,M,7/10/1988,T
EST,UD,490557,F,4/4/1988,A
EST,UD,490759,F,8/26/1988,T
EST,UD,490860,F,12/10/1988,T
EST,UD,492072,M,9/3/1968,T
EST,UD,493082,F,9/9/1988,A
EST,UD,494597,M,11/18/1988,A
EST,UD,496516,F,,T
EST,UD,497425,M,5/2/1989,T
EST,UD,498031,F,1/1/1989,A
EST,UD,498637,F,4/18/1989,A
EST,UD,498940,F,5/4/1989,A
EST,UD,499344,F,4/10/1989,A
EST,UD,501162,F,6/9/1989,T
EST,UD,501566,F,5/10/1989,T
EST,UD,507323,F,10/6/1989,A
EST,UD,512070,F,10/26/1990,T
EST,UD,515201,F,7/1/1992,T
EST,UD,519948,M,1/1/1980,A
EST,UD,520150,F,7/1/1975,T
EST,UD,520352,M,1/1/1968,A
EST,UD,520453,F,2/28/1979,A
EST,UD,520857,F,6/7/1974,A
EST,UD,520958,F,11/3/1978,T
EST,UD,521261,F,5/23/1984,A
EST,UD,521463,F,3/19/1973,A
EST,UD,521766,M,3/1/1985,A
EST,UD,522170,F,5/1/1987,A
EST,UD,524998,F,2/1/1994,T
EST,UD,526715,F,10/2/1995,A
EST,UD,528331,F,12/20/1997,A
EST,UD,528432,M,3/1/1995,T
EST,UD,528735,F,7/1/1998,A
EST,UD,530452,F,9/1/1998,A
EST,UD,531361,F,4/12/1999,A
EST,UD,531866,F,9/17/1999,A
EST,UD,532068,M,6/24/1999,T
EST,UD,532371,M,1/10/2000,T
EST,UD,532775,M,3/9/2000,T
EST,UD,541986,M,2/1/2000,T
EST,UD,542067,M,2/1/2000,A
EST,UD,542269,M,2/1/2000,T
EST,UD,542673,M,2/1/2000,T
EST,UD,542774,M,2/1/2000,T
EST,UD,542976,M,2/1/2000,T
EST,UD,543077,M,2/1/2000,A
EST,UD,543178,M,2/1/2000,T
EST,UD,543279,F,2/1/2000,T
EST,UD,543885,F,2/1/2000,A
EST,UD,544087,F,2/1/2000,T
EST,UD,544289,M,2/1/2000,T
EST,UD,544491,F,2/1/2000,T
EST,UD,544794,M,2/1/2000,T
EST,UD,544996,M,2/1/2000,T
EST,UD,545097,M,1/1/2000,T
EST,UD,545501,M,2/1/2000,T
EST,UD,545703,M,2/1/2000,T
EST,UD,545905,M,2/1/2000,T
EST,UD,546006,M,2/1/2000,A
EST,UD,546208,M,2/1/2000,A
EST,UD,546410,M,2/1/2000,A
EST,UD,546511,M,2/1/2000,T
EST,UD,546612,M,2/1/2000,A
EST,UD,546713,M,2/1/2000,T
EST,UD,546915,M,2/1/2000,T
EST,UD,547016,F,2/1/2000,T
EST,UD,547622,M,2/1/2000,T
EST,UD,548228,M,6/1/2000,A
EST,UD,548329,M,6/1/2000,A
EST,UD,548430,F,6/1/2000,A
EST,UD,548632,M,6/1/2000,T
EST,UD,549339,M,3/10/2001,T
EST,UD,549440,M,3/10/2001,A
EST,UD,549541,M,3/10/2001,A
EST,UD,549743,M,3/10/2001,A
EST,UD,549844,M,3/10/2001,T
EST,UD,549945,M,3/10/2001,A
EST,UD,550046,M,3/10/2001,A
EST,UD,550248,M,3/10/2001,T
EST,UD,550349,M,3/10/2001,T
EST,UD,550450,M,3/10/2001,T
EST,UD,550854,M,12/1/2000,T
EST,UD,554894,M,8/10/2000,T
EST,UD,555298,F,8/1/2002,T
EST,UD,555399,M,8/1/2000,A
EST,UD,555904,M,10/1/2001,T
EST,UD,556005,M,10/1/2001,T
EST,UD,556308,M,10/1/2001,T
EST,UD,557217,M,8/1/2000,T
EST,UD,557318,F,10/1/2001,T
EST,UD,557520,M,10/1/2001,T
EST,UD,557621,M,10/1/2001,T
EST,UD,557722,M,10/1/2001,T
EST,UD,557823,M,10/1/2001,T
EST,UD,557924,M,10/1/2001,T
EST,UD,558025,M,10/1/2001,A
EST,UD,558126,M,10/1/2001,T
EST,UD,558227,M,10/1/2001,T
EST,UD,558328,M,10/1/2001,T
EST,UD,558429,M,10/1/2001,T
EST,UD,558530,M,10/1/2001,T
EST,UD,558631,M,10/1/2001,A
EST,UD,558732,M,10/1/2001,T
EST,UD,559136,M,1/1/2002,T
EST,UD,562166,M,6/1/2002,A
EST,UD,562267,F,6/1/2002,A
EST,UD,563782,M,4/1/2002,T
EST,UD,563883,F,4/1/2002,A
EST,UD,564590,M,6/1/2002,A
EST,UD,564691,M,6/1/2002,T
EST,UD,564893,F,6/1/2002,T
EST,UD,564994,F,6/1/2002,T
EST,UD,565095,F,5/1/2002,T
EST,UD,565196,M,6/1/2002,A
EST,UD,565297,M,6/1/2002,A
EST,UD,565398,M,6/1/2002,T
EST,UD,565499,F,6/1/2000,T
EST,UD,565600,M,6/1/2002,A
EST,UD,565701,M,6/1/2002,A
EST,UD,565802,F,6/1/2002,T
EST,UD,565903,F,6/1/2002,T
EST,UD,566206,M,6/1/2002,A
EST,UD,567923,M,7/1/2001,A
EST,UD,568024,M,7/1/2002,T
EST,UD,569337,M,1/1/2003,T
EST,UD,569438,F,2/10/2003,A
EST,UD,569943,M,5/31/2003,A
EST,UD,570650,F,9/8/2003,A
EST,UD,570751,M,9/8/2003,A
EST,UD,571155,M,2/25/2004,A
EST,UD,571660,M,6/1/2004,T
EST,UD,571761,M,11/1/2004,A
EST,UD,574589,F,5/1/2005,A
EST,UD,574690,F,5/1/2005,A
EST,UD,575094,F,5/1/2005,A
EST,UD,575296,F,5/1/2005,A
EST,UD,575397,F,5/1/2005,A
EST,UD,575700,F,5/1/2005,A
EST,UD,575801,F,5/1/2005,A
EST,UD,575902,F,5/1/2005,A
EST,UD,576003,F,5/1/2005,A
EST,UD,576306,F,5/1/2005,A
EST,UD,576407,F,5/1/2005,A
EST,UD,576508,F,5/1/2005,A
EST,UD,576609,M,6/1/2005,A
EST,UD,576811,F,6/1/2005,A
EST,UD,576912,F,6/1/2005,A
EST,UD,577114,F,6/1/2005,A
EST,UD,606000,M,,I
EST,UD,606101,M,6/1/1972,A
EST,UD,606202,F,6/1/1972,I
EST,UD,606303,F,6/1/1972,I
EST,UD,606404,M,6/1/1972,I
EST,UD,608929,M,,T
EST,UD,1011010,M,,A
EST,UD,1012525,M,5/1/2003,A
EST,UD,1012929,F,6/1/2002,T
EST,UD,1014848,M,11/15/2002,T
EST,UD,1014949,F,11/15/2002,T
EST,UD,1015656,M,,A
EST,UD,1016161,M,,A
EST,UD,1016767,M,2/1/2003,T
EST,UD,1018282,M,3/1/2003,A
EST,UD,1018686,M,4/26/2003,T
EST,UD,1018787,F,4/29/2003,T
EST,UD,1018989,F,4/29/2003,T
EST,UD,1019090,M,4/29/2003,T
EST,UD,1019805,M,5/9/2003,T
EST,UD,1019696,M,5/31/2003,T
EST,UD,1019898,M,5/1/2003,T
EST,UD,1019999,M,5/1/2003,A
EST,UD,1020201,M,,A
EST,UD,1020504,M,5/1/2003,A
EST,UD,1021716,M,5/1/2003,A
EST,UD,1021817,M,5/1/2003,A
EST,UD,1021918,M,5/1/2003,A
EST,UD,1022019,M,5/1/2003,A
EST,UD,1022827,F,11/17/2003,T
EST,UD,1022928,F,11/17/2003,T
EST,UD,1023332,M,6/1/2004,A
EST,UD,1023837,M,6/1/2004,A
EST,UD,1024241,M,,A
EST,UD,1024342,M,,I
EST,UD,1028281,M,12/1/2004,A
EST,UD,1028786,M,12/1/2004,A
EST,UD,2020101,M,,A
EST,UD,2020202,F,,A
EST,UD,2020303,M,,A
EST,UD,6060000,M,1/1/2002,T
EST,UD,6060101,F,,T
EST,UD,6060202,M,,T
EST,UD,6060303,M,,T
EST,UD,6060404,M,,T
EST,UD,6060505,M,,T
EST,UD,6060606,F,,T
EST,UD,6060707,F,,T
EST,UD,6060808,F,,T
EST,UD,6060909,F,,T
EST,UD,6061010,F,,T
EST,UD,6061111,F,,T
EST,UD,6061212,F,,T
EST,UD,6061313,F,,T
EST,UD,6061616,M,,T
EST,UD,6061717,M,,T
EST,UD,6061818,M,,T
EST,UD,6061919,M,12/1/2001,T
EST,UD,6062020,M,,A
EST,UD,6062222,M,,A
EST,UD,6062323,F,,T
EST,UD,6062424,M,,A
EST,UD,6062525,F,,I
EST,UD,6062727,M,,T
EST,UD,6062828,M,,T
EST,UD,6062929,M,,T
EST,UD,6063333,F,,T
EST,UD,6063434,M,,A
EST,UD,6063535,M,,T
EST,UD,6063636,F,12/1/2001,T
EST,UD,6063737,M,,T
EST,UD,6063838,M,,A
EST,UD,6063939,M,,T
EST,UD,6064040,M,,A
EST,UD,6064141,M,,A
EST,UD,6064242,M,,T
EST,UD,6064848,M,,A
